match_id,season_year,competition,date,home,away,home_score,away_score,total_shots,total_xg,largest_xg_swing,largest_xg_swing_window,xg_lead_changes,xg_first_15_home,xg_first_15_away,xg_last_15_home,xg_last_15_away,xg_home_0-15,xg_away_0-15,xg_diff_0-15,xg_home_15-30,xg_away_15-30,xg_diff_15-30,xg_home_30-45,xg_away_30-45,xg_diff_30-45,xg_home_45-60,xg_away_45-60,xg_diff_45-60,xg_home_60-75,xg_away_60-75,xg_diff_60-75,xg_home_75-90plus,xg_away_75-90plus,xg_diff_75-90plus
28778,2526,PL,2025-08-15,LIV,BOU,4,2,29,3.9031,0.7697,60-75_to_75-90plus,4,0.3152,0.3886,0.453,0.0956,0.3152,0.3886,-0.0734,0.0,0.0,0.0,1.0166,0.3896,0.627,0.4012,0.1429,0.2583,0.144,0.5563,-0.4123,0.453,0.0956,0.3575
28779,2526,PL,2025-08-16,AVL,NEW,0,0,19,1.7196,0.9363,0-15_to_15-30,0,0.0,1.049,0.0635,0.1302,0.0,1.049,-1.049,0.0,0.1126,-0.1126,0.0,0.0,0.0,0.1752,0.0,0.1752,0.08,0.1091,-0.0292,0.0635,0.1302,-0.0667
28780,2526,PL,2025-08-16,BRI,FLH,1,1,17,2.3568,0.5007,30-45_to_45-60,3,0.0193,0.0947,0.369,0.5238,0.0193,0.0947,-0.0754,0.103,0.0,0.103,0.0462,0.0419,0.0043,0.7612,0.2562,0.505,0.1414,0.0,0.1414,0.369,0.5238,-0.1548
28781,2526,PL,2025-08-16,SUN,WHU,3,0,22,1.2833,0.4826,0-15_to_15-30,3,0.3295,0.0803,0.0925,0.221,0.3295,0.0803,0.2492,0.0,0.2334,-0.2334,0.1282,0.0242,0.104,0.1093,0.0,0.1093,0.0648,0.0,0.0648,0.0925,0.221,-0.1285
28782,2526,PL,2025-08-16,TOT,BUR,3,0,30,2.7889,0.6405,30-45_to_45-60,2,0.2921,0.0448,0.0908,0.0,0.2921,0.0448,0.2473,0.0,0.2798,-0.2798,0.0326,0.0676,-0.035,0.8571,0.2516,0.6055,0.7664,0.1062,0.6602,0.0908,0.0,0.0908
28783,2526,PL,2025-08-16,WOL,MCI,0,4,24,2.8254,1.174,30-45_to_45-60,0,0.0,0.0,0.1181,0.2848,0.0,0.0,0.0,0.1131,0.7866,-0.6735,0.0,1.0698,-1.0698,0.1795,0.0753,0.1042,0.1088,0.0893,0.0195,0.1181,0.2848,-0.1667
28784,2526,PL,2025-08-17,CHE,CRY,0,0,31,2.4141,0.5517,15-30_to_30-45,4,0.024,0.0433,0.4852,0.041,0.024,0.0433,-0.0193,0.4426,0.3233,0.1193,0.0,0.4324,-0.4324,0.1397,0.1892,-0.0494,0.285,0.0083,0.2767,0.4852,0.041,0.4442
28785,2526,PL,2025-08-17,NOT,BRE,3,1,21,3.0915,1.0638,60-75_to_75-90plus,0,0.4809,0.0,0.0,0.7612,0.4809,0.0,0.4809,0.0817,0.057,0.0248,0.3014,0.1982,0.1032,0.3778,0.1055,0.2723,0.5153,0.2126,0.3027,0.0,0.7612,-0.7612
28786,2526,PL,2025-08-17,MUN,ARS,0,1,31,2.7157,0.9364,0-15_to_15-30,4,0.0865,0.8443,0.4018,0.1945,0.0865,0.8443,-0.7578,0.2372,0.0585,0.1786,0.3289,0.1462,0.1827,0.0633,0.033,0.0303,0.2677,0.0539,0.2139,0.4018,0.1945,0.2072
28787,2526,PL,2025-08-18,LED,EVE,1,0,28,3.0749,0.7311,60-75_to_75-90plus,0,0.4645,0.0,1.3207,0.6217,0.4645,0.0,0.4645,0.0903,0.0,0.0903,0.3638,0.0,0.3638,0.1463,0.0355,0.1108,0.0,0.0321,-0.0321,1.3207,0.6217,0.699
28788,2526,PL,2025-08-22,WHU,CHE,1,5,24,4.9544,1.2299,45-60_to_60-75,1,0.0152,0.5353,0.6591,0.0529,0.0152,0.5353,-0.5201,0.0075,0.5372,-0.5297,0.0757,0.7091,-0.6334,0.0403,1.6153,-1.575,0.1808,0.5259,-0.3451,0.6591,0.0529,0.6061
28789,2526,PL,2025-08-23,MCI,TOT,0,2,22,2.5305,0.8229,15-30_to_30-45,4,0.0428,0.0831,0.1445,0.2502,0.0428,0.0831,-0.0403,0.4473,0.0,0.4473,0.0,0.3756,-0.3756,0.5957,0.5063,0.0894,0.0171,0.0677,-0.0506,0.1445,0.2502,-0.1057
28790,2526,PL,2025-08-23,BRE,AVL,1,0,26,2.3568,0.8472,0-15_to_15-30,0,1.0511,0.0,0.1061,0.2021,1.0511,0.0,1.0511,0.2193,0.0154,0.2039,0.0,0.2126,-0.2126,0.0,0.4158,-0.4158,0.0,0.1345,-0.1345,0.1061,0.2021,-0.096
28791,2526,PL,2025-08-23,BUR,SUN,2,0,16,2.1251,0.8258,0-15_to_15-30,0,0.0175,0.8433,0.5365,0.2308,0.0175,0.8433,-0.8258,0.0,0.0,0.0,0.0364,0.0213,0.0151,0.4134,0.0259,0.3875,0.0,0.0,0.0,0.5365,0.2308,0.3057
28792,2526,PL,2025-08-23,BOU,WOL,1,0,20,2.158,0.8157,0-15_to_15-30,2,0.84,0.0831,0.1806,0.0431,0.84,0.0831,0.7569,0.0,0.0588,-0.0588,0.0,0.0134,-0.0134,0.5685,0.0765,0.492,0.1955,0.0985,0.0971,0.1806,0.0431,0.1375
28793,2526,PL,2025-08-23,ARS,LED,5,0,21,2.9238,0.8356,30-45_to_45-60,0,0.0653,0.0242,0.7855,0.0,0.0653,0.0242,0.0411,0.4849,0.1325,0.3524,0.1632,0.0,0.1632,0.9988,0.0,0.9988,0.2693,0.0,0.2693,0.7855,0.0,0.7855
28794,2526,PL,2025-08-24,CRY,NOT,1,1,17,2.4318,0.6856,60-75_to_75-90plus,4,0.1129,0.1249,0.0,0.6856,0.1129,0.1249,-0.0121,0.0315,0.0584,-0.0269,0.618,0.0918,0.5262,0.3395,0.3691,-0.0296,0.0,0.0,0.0,0.0,0.6856,-0.6856
28795,2526,PL,2025-08-24,EVE,BRI,2,0,24,3.9029,0.3801,60-75_to_75-90plus,5,0.0566,0.0288,0.3847,0.8263,0.0566,0.0288,0.0278,0.7122,0.675,0.0372,0.1169,0.0896,0.0273,0.5476,0.4035,0.1441,0.0,0.0615,-0.0615,0.3847,0.8263,-0.4416
28796,2526,PL,2025-08-24,FLH,MUN,1,1,24,3.2089,0.6983,60-75_to_75-90plus,3,0.3177,0.5826,0.0739,0.0933,0.3177,0.5826,-0.2649,0.1334,0.0,0.1334,0.2505,0.7612,-0.5107,0.2085,0.109,0.0995,0.6789,0.0,0.6789,0.0739,0.0933,-0.0194
28797,2526,PL,2025-08-25,NEW,LIV,2,3,15,2.61,1.175,0-15_to_15-30,1,0.0,0.0327,0.4311,0.3935,0.0,0.0327,-0.0327,1.1423,0.0,1.1423,0.0462,0.0162,0.03,0.3282,0.2041,0.1241,0.0156,0.0,0.0156,0.4311,0.3935,0.0375
28798,2526,PL,2025-08-30,CHE,FLH,2,0,24,3.1686,1.9168,30-45_to_45-60,2,0.0734,0.0742,0.0333,0.3653,0.0734,0.0742,-0.0008,0.0,0.0659,-0.0659,0.0,0.0,0.0,2.1476,0.2308,1.9168,0.1782,0.0,0.1782,0.0333,0.3653,-0.332
28799,2526,PL,2025-08-30,TOT,BOU,0,1,24,2.2942,0.5635,30-45_to_45-60,0,0.0,0.5805,0.0974,0.0,0.0,0.5805,-0.5805,0.0,0.2776,-0.2776,0.0,0.1067,-0.1067,0.0119,0.6821,-0.6702,0.0613,0.4767,-0.4154,0.0974,0.0,0.0974
28800,2526,PL,2025-08-30,WOL,EVE,2,3,22,2.9838,1.1944,15-30_to_30-45,1,0.009,0.6768,0.4859,0.0635,0.009,0.6768,-0.6678,0.4053,0.0899,0.3154,0.0,0.879,-0.879,0.0364,0.2428,-0.2065,0.0094,0.0859,-0.0765,0.4859,0.0635,0.4224
28801,2526,PL,2025-08-30,SUN,BRE,2,1,20,3.0192,0.8676,45-60_to_60-75,2,0.2059,0.0,1.0513,0.5133,0.2059,0.0,0.2059,0.0,0.0809,-0.0809,0.0425,0.0734,-0.0309,0.0921,0.7784,-0.6863,0.1813,0.0,0.1813,1.0513,0.5133,0.538
28802,2526,PL,2025-08-30,MUN,BUR,3,2,33,5.4013,2.1945,45-60_to_60-75,0,0.172,0.0,1.0987,0.0,0.172,0.0,0.172,0.1929,0.0,0.1929,0.207,0.1106,0.0964,2.1879,0.5464,1.6415,0.1664,0.7195,-0.5531,1.0987,0.0,1.0987
28803,2526,PL,2025-08-30,LED,NEW,0,0,18,0.9809,0.4077,15-30_to_30-45,0,0.2138,0.0,0.084,0.0201,0.2138,0.0,0.2138,0.0,0.162,-0.162,0.3146,0.0689,0.2457,0.0513,0.0304,0.0209,0.0136,0.0221,-0.0085,0.084,0.0201,0.0639
28804,2526,PL,2025-08-31,NOT,WHU,0,3,23,2.952,1.9998,60-75_to_75-90plus,4,0.0,0.0642,0.0232,1.7868,0.0,0.0642,-0.0642,0.0196,0.0,0.0196,0.0,0.0964,-0.0964,0.3186,0.17,0.1486,0.3547,0.1186,0.2361,0.0232,1.7868,-1.7637
28805,2526,PL,2025-08-31,BRI,MCI,2,1,24,4.3428,1.5372,45-60_to_60-75,1,0.0,0.2076,1.2346,0.1451,0.0,0.2076,-0.2076,0.0507,0.3366,-0.2859,0.0,0.831,-0.831,0.0,0.6138,-0.6138,0.9234,0.0,0.9234,1.2346,0.1451,1.0894
28806,2526,PL,2025-08-31,LIV,ARS,1,0,20,0.9721,0.2534,30-45_to_45-60,3,0.0245,0.0,0.1339,0.0891,0.0245,0.0,0.0245,0.0,0.09,-0.09,0.0651,0.209,-0.1439,0.1095,0.0,0.1095,0.1484,0.1026,0.0457,0.1339,0.0891,0.0449
28807,2526,PL,2025-08-31,AVL,CRY,0,3,19,3.8249,2.0192,15-30_to_30-45,1,0.04,0.0,0.0585,0.9176,0.04,0.0,0.04,0.0626,1.6289,-1.5663,0.453,0.0,0.453,0.1792,0.0,0.1792,0.4345,0.0506,0.3838,0.0585,0.9176,-0.8591
28808,2526,PL,2025-09-13,ARS,NOT,3,0,21,3.1754,1.2241,45-60_to_60-75,0,1.0796,0.0,0.0946,0.1104,1.0796,0.0,1.0796,0.2399,0.0,0.2399,0.0988,0.0,0.0988,1.3689,0.164,1.2048,0.0,0.0193,-0.0193,0.0946,0.1104,-0.0158
28809,2526,PL,2025-09-13,NEW,WOL,1,0,24,1.569,0.3525,0-15_to_15-30,1,0.663,0.1331,0.1189,0.1139,0.663,0.1331,0.5299,0.188,0.0106,0.1774,0.0634,0.1183,-0.0549,0.1276,0.0,0.1276,0.0322,0.0,0.0322,0.1189,0.1139,0.005
28810,2526,PL,2025-09-13,BOU,BRI,2,1,19,2.0668,0.982,45-60_to_60-75,4,0.0,0.0,0.1667,0.0536,0.0,0.0,0.0,0.1704,0.0,0.1704,0.0796,0.2619,-0.1823,0.1763,0.3095,-0.1331,0.8489,0.0,0.8489,0.1667,0.0536,0.1132
28811,2526,PL,2025-09-13,CRY,SUN,0,0,20,2.1564,0.8967,60-75_to_75-90plus,2,0.0156,0.0391,0.9018,0.0,0.0156,0.0391,-0.0235,0.0226,0.0348,-0.0121,0.3241,0.1024,0.2217,0.5066,0.1515,0.355,0.0314,0.0263,0.0052,0.9018,0.0,0.9018
28812,2526,PL,2025-09-13,EVE,AVL,0,0,27,2.2477,0.643,30-45_to_45-60,0,0.2647,0.0,0.7012,0.0,0.2647,0.0,0.2647,0.1769,0.0103,0.1666,0.524,0.0615,0.4625,0.1021,0.2825,-0.1804,0.1245,0.0,0.1245,0.7012,0.0,0.7012
28813,2526,PL,2025-09-13,FLH,LED,1,0,16,1.9702,0.9266,45-60_to_60-75,1,0.0,0.0,0.6529,0.0198,0.0,0.0,0.0,0.0,0.1068,-0.1068,0.0,0.0719,-0.0719,0.0788,0.6146,-0.5358,0.4081,0.0173,0.3908,0.6529,0.0198,0.6331
28814,2526,PL,2025-09-13,WHU,TOT,0,3,21,2.3073,0.5119,60-75_to_75-90plus,4,0.1308,0.0389,0.0,0.6169,0.1308,0.0389,0.0919,0.0098,0.0233,-0.0135,0.0,0.1769,-0.1769,0.6028,0.5031,0.0997,0.05,0.155,-0.105,0.0,0.6169,-0.6169
28815,2526,PL,2025-09-13,BRE,CHE,2,2,23,1.9317,0.9491,60-75_to_75-90plus,3,0.1814,0.1343,0.8228,0.1286,0.1814,0.1343,0.0471,0.0,0.0,0.0,0.1225,0.1006,0.0219,0.0,0.0894,-0.0894,0.0487,0.3036,-0.2549,0.8228,0.1286,0.6942
28816,2526,PL,2025-09-14,BUR,LIV,0,1,30,2.966,0.7294,60-75_to_75-90plus,2,0.147,0.7619,0.0,1.0502,0.147,0.7619,-0.6149,0.0,0.103,-0.103,0.0076,0.2842,-0.2766,0.0,0.2644,-0.2644,0.0134,0.3342,-0.3208,0.0,1.0502,-1.0502
28817,2526,PL,2025-09-14,MCI,MUN,3,0,25,3.5647,2.0625,60-75_to_75-90plus,0,0.0398,0.035,0.1882,1.4378,0.0398,0.035,0.0048,0.1963,0.0,0.1963,0.0542,0.0,0.0542,0.6428,0.0,0.6428,0.8918,0.0789,0.8129,0.1882,1.4378,-1.2495
28818,2526,PL,2025-09-20,LIV,EVE,2,1,20,1.7871,0.7002,15-30_to_30-45,0,0.0674,0.0,0.0701,0.0677,0.0674,0.0,0.0674,0.6774,0.0826,0.5948,0.0,0.1054,-0.1054,0.1874,0.4656,-0.2782,0.0634,0.0,0.0634,0.0701,0.0677,0.0023
28819,2526,PL,2025-09-20,WHU,CRY,1,2,26,2.8556,0.9696,15-30_to_30-45,1,0.1334,0.0163,0.1109,0.2592,0.1334,0.0163,0.1171,0.0,0.0,0.0,0.0,0.9696,-0.9696,0.1314,0.647,-0.5156,0.0906,0.497,-0.4064,0.1109,0.2592,-0.1483
28820,2526,PL,2025-09-20,WOL,LED,1,3,22,2.0231,0.5927,30-45_to_45-60,0,0.4292,0.0118,0.4731,0.0,0.4292,0.0118,0.4174,0.0,0.044,-0.044,0.1621,0.3659,-0.2038,0.4243,0.0354,0.389,0.0774,0.0,0.0774,0.4731,0.0,0.4731
28821,2526,PL,2025-09-20,BRI,TOT,2,2,24,2.6593,0.8803,30-45_to_45-60,2,0.6801,0.0,0.5861,0.0935,0.6801,0.0,0.6801,0.0648,0.1225,-0.0577,0.0165,0.8811,-0.8646,0.0157,0.0,0.0157,0.0413,0.1576,-0.1163,0.5861,0.0935,0.4927
28822,2526,PL,2025-09-20,BUR,NOT,1,1,29,1.9737,0.3171,15-30_to_30-45,5,0.0098,0.0722,0.4742,0.3215,0.0098,0.0722,-0.0623,0.334,0.1094,0.2247,0.1028,0.1953,-0.0925,0.1161,0.11,0.0061,0.1053,0.023,0.0823,0.4742,0.3215,0.1527
28823,2526,PL,2025-09-21,BOU,NEW,0,0,15,0.7043,0.157,60-75_to_75-90plus,2,0.1958,0.1176,0.157,0.0,0.1958,0.1176,0.0783,0.059,0.0361,0.0229,0.0,0.0,0.0,0.1388,0.0,0.1388,0.0,0.0,0.0,0.157,0.0,0.157
28824,2526,PL,2025-09-20,MUN,CHE,2,1,16,1.8168,0.8628,0-15_to_15-30,0,0.8838,0.0,0.0452,0.3832,0.8838,0.0,0.8838,0.0437,0.0227,0.0211,0.2786,0.0,0.2786,0.0,0.0283,-0.0283,0.0955,0.0357,0.0599,0.0452,0.3832,-0.3381
28825,2526,PL,2025-09-20,FLH,BRE,3,1,23,2.3637,1.2728,15-30_to_30-45,3,0.1961,0.0761,0.0,0.2151,0.1961,0.0761,0.1199,0.1953,0.4239,-0.2286,1.0441,0.0,1.0441,0.0,0.1115,-0.1115,0.1016,0.0,0.1016,0.0,0.2151,-0.2151
28826,2526,PL,2025-09-21,SUN,AVL,1,1,25,1.8814,0.7468,60-75_to_75-90plus,2,0.0422,0.0,0.0,0.1835,0.0422,0.0,0.0422,0.1028,0.5027,-0.3999,0.0709,0.1116,-0.0407,0.0777,0.0563,0.0213,0.6485,0.0852,0.5633,0.0,0.1835,-0.1835
28827,2526,PL,2025-09-21,ARS,MCI,1,1,17,1.8413,0.4719,0-15_to_15-30,0,0.0,0.5452,0.1513,0.3823,0.0,0.5452,-0.5452,0.0,0.0733,-0.0733,0.3287,0.0399,0.2887,0.2386,0.0819,0.1567,0.0,0.0,0.0,0.1513,0.3823,-0.231
28828,2526,PL,2025-09-27,BRE,MUN,3,1,24,6.0248,1.7198,60-75_to_75-90plus,4,0.3288,0.1686,0.1811,0.9309,0.3288,0.1686,0.1602,1.3075,1.9876,-0.6801,0.0,0.1202,-0.1202,0.0,0.0302,-0.0302,0.9699,0.0,0.9699,0.1811,0.9309,-0.7498
28829,2526,PL,2025-09-27,CHE,BRI,1,3,25,4.5191,1.1065,15-30_to_30-45,1,0.4343,0.0129,0.5741,1.7229,0.4343,0.0129,0.4214,0.9563,0.0,0.9563,0.0,0.1502,-0.1502,0.0393,0.0832,-0.0439,0.0225,0.5232,-0.5007,0.5741,1.7229,-1.1488
28830,2526,PL,2025-09-27,CRY,LIV,2,1,36,6.6591,1.0524,0-15_to_15-30,2,1.3255,0.0,0.8894,0.7024,1.3255,0.0,1.3255,0.5172,0.2441,0.2731,0.2268,0.3558,-0.129,0.3489,0.9444,-0.5955,0.2365,0.8681,-0.6316,0.8894,0.7024,0.1869
28831,2526,PL,2025-09-28,AVL,FLH,3,1,20,2.3184,0.2869,45-60_to_60-75,3,0.0,0.1477,0.0,0.0727,0.0,0.1477,-0.1477,0.2968,0.2456,0.0511,0.3265,0.0809,0.2456,0.7175,0.4057,0.3118,0.0249,0.0,0.0249,0.0,0.0727,-0.0727
28832,2526,PL,2025-09-27,LED,BOU,2,2,31,3.1412,0.9114,15-30_to_30-45,0,0.2951,0.0771,0.1269,0.6471,0.2951,0.0771,0.218,1.0636,0.1562,0.9074,0.0755,0.0795,-0.004,0.2336,0.0543,0.1793,0.2861,0.046,0.2401,0.1269,0.6471,-0.5202
28833,2526,PL,2025-09-27,MCI,BUR,5,1,32,3.7349,0.9576,15-30_to_30-45,0,0.1628,0.0,1.1648,0.0,0.1628,0.0,0.1628,0.9497,0.1309,0.8189,0.0787,0.2174,-0.1388,0.0748,0.1653,-0.0905,0.7906,0.0,0.7906,1.1648,0.0,1.1648
28834,2526,PL,2025-09-27,NOT,SUN,0,1,33,3.3766,0.798,60-75_to_75-90plus,4,0.0,0.0696,0.5942,1.0184,0.0,0.0696,-0.0696,0.1841,0.0,0.1841,0.0,0.441,-0.441,0.1976,0.3331,-0.1355,0.4562,0.0823,0.3738,0.5942,1.0184,-0.4242
28835,2526,PL,2025-09-27,TOT,WOL,1,1,19,1.9925,0.8124,30-45_to_45-60,2,0.4104,0.0625,0.0974,0.0,0.4104,0.0625,0.3478,0.154,0.013,0.141,0.096,0.0223,0.0738,0.0,0.7386,-0.7386,0.0609,0.3373,-0.2764,0.0974,0.0,0.0974
28836,2526,PL,2025-09-28,NEW,ARS,1,2,28,2.8138,0.7961,15-30_to_30-45,0,0.0422,0.191,0.1372,0.6931,0.0422,0.191,-0.1488,0.0475,0.5786,-0.5311,0.339,0.074,0.265,0.022,0.4573,-0.4353,0.152,0.0799,0.072,0.1372,0.6931,-0.5558
28837,2526,PL,2025-09-29,EVE,WHU,1,1,26,1.6855,0.6102,45-60_to_60-75,1,0.2594,0.1496,0.0836,0.14,0.2594,0.1496,0.1098,0.1369,0.1434,-0.0065,0.0316,0.0446,-0.0129,0.3982,0.0431,0.3551,0.0,0.2551,-0.2551,0.0836,0.14,-0.0564
28838,2526,PL,2025-10-03,BOU,FLH,3,1,23,2.1779,0.812,45-60_to_60-75,4,0.0487,0.0,0.574,0.2161,0.0487,0.0,0.0487,0.0,0.0851,-0.0851,0.0624,0.0,0.0624,0.6494,0.1897,0.4597,0.0,0.3523,-0.3523,0.574,0.2161,0.3579
28839,2526,PL,2025-10-04,ARS,WHU,2,0,25,3.9862,0.7966,15-30_to_30-45,1,1.2068,0.6018,0.1959,0.2289,1.2068,0.6018,0.605,0.0,0.0,0.0,0.7966,0.0,0.7966,0.1612,0.0338,0.1274,0.7612,0.0,0.7612,0.1959,0.2289,-0.033
28840,2526,PL,2025-10-05,AVL,BUR,2,1,20,2.238,0.5518,60-75_to_75-90plus,0,0.4847,0.0,0.256,0.4826,0.4847,0.0,0.4847,0.1583,0.0,0.1583,0.0,0.0197,-0.0197,0.5114,0.0,0.5114,0.3253,0.0,0.3253,0.256,0.4826,-0.2266
28841,2526,PL,2025-10-05,BRE,MCI,0,1,16,1.7902,0.7868,30-45_to_45-60,0,0.0,0.4206,0.0924,0.0,0.0,0.4206,-0.4206,0.0,0.2102,-0.2102,0.0415,0.3737,-0.3322,0.5465,0.092,0.4546,0.0133,0.0,0.0133,0.0924,0.0,0.0924
28842,2526,PL,2025-10-04,CHE,LIV,2,1,24,3.299,1.6925,60-75_to_75-90plus,1,0.0317,0.0,1.0651,0.2673,0.0317,0.0,0.0317,0.0188,0.4609,-0.4421,0.0386,0.2302,-0.1917,0.0836,0.2081,-0.1245,0.0,0.8947,-0.8947,1.0651,0.2673,0.7978
28843,2526,PL,2025-10-05,EVE,CRY,2,1,29,4.7547,2.3299,60-75_to_75-90plus,1,0.0492,0.1353,2.1633,0.2099,0.0492,0.1353,-0.0861,0.0139,0.6603,-0.6464,0.0,0.272,-0.272,0.1176,0.4043,-0.2867,0.1762,0.5527,-0.3765,2.1633,0.2099,1.9535
28844,2526,PL,2025-10-04,LED,TOT,1,2,25,2.2229,1.1935,15-30_to_30-45,2,0.3315,0.0499,0.167,0.0232,0.3315,0.0499,0.2816,0.0607,0.4321,-0.3715,0.836,0.0139,0.8221,0.0973,0.169,-0.0717,0.0423,0.0,0.0423,0.167,0.0232,0.1438
28845,2526,PL,2025-10-04,MUN,SUN,2,0,23,2.7718,0.6948,30-45_to_45-60,0,0.0746,0.0,0.2634,0.3498,0.0746,0.0,0.0746,0.6552,0.0,0.6552,0.75,0.1379,0.6121,0.1793,0.262,-0.0827,0.0423,0.0575,-0.0152,0.2634,0.3498,-0.0864
28846,2526,PL,2025-10-05,NEW,NOT,2,0,23,4.2572,0.8688,60-75_to_75-90plus,0,0.5384,0.0,1.7683,0.1363,0.5384,0.0,0.5384,0.0109,0.0773,-0.0665,0.1291,0.0,0.1291,0.6552,0.0695,0.5856,0.8178,0.0546,0.7632,1.7683,0.1363,1.632
28847,2526,PL,2025-10-05,WOL,BRI,1,1,24,1.761,0.5215,15-30_to_30-45,0,0.0,0.1749,0.0,0.2427,0.0,0.1749,-0.1749,0.1085,0.6104,-0.5019,0.0423,0.0227,0.0196,0.1447,0.1709,-0.0262,0.0739,0.1701,-0.0961,0.0,0.2427,-0.2427
28848,2526,PL,2025-10-18,BRI,NEW,2,1,29,2.1536,0.6404,30-45_to_45-60,2,0.1148,0.0781,0.0848,0.5391,0.1148,0.0781,0.0367,0.1212,0.0,0.1212,0.3666,0.049,0.3176,0.1715,0.4942,-0.3227,0.0,0.1343,-0.1343,0.0848,0.5391,-0.4543
28849,2526,PL,2025-10-18,BUR,LED,2,0,23,2.8499,0.9046,15-30_to_30-45,3,0.0551,0.0959,0.0,1.0342,0.0551,0.0959,-0.0408,0.4297,0.0,0.4297,0.0,0.4748,-0.4748,0.0,0.2598,-0.2598,0.0248,0.4755,-0.4507,0.0,1.0342,-1.0342
28850,2526,PL,2025-10-18,CRY,BOU,3,3,28,6.6505,1.5686,0-15_to_15-30,2,0.0445,0.8902,2.073,0.8122,0.0445,0.8902,-0.8457,0.7956,0.0727,0.7229,0.0,0.1467,-0.1467,0.4638,0.0248,0.4389,1.2266,0.1004,1.1262,2.073,0.8122,1.2608
28851,2526,PL,2025-10-18,FLH,ARS,0,1,25,2.6326,0.7713,45-60_to_60-75,3,0.1894,0.0,0.0371,0.8055,0.1894,0.0,0.1894,0.1592,0.0583,0.1008,0.0126,0.2821,-0.2695,0.1042,0.9299,-0.8257,0.0,0.0545,-0.0545,0.0371,0.8055,-0.7684
28852,2526,PL,2025-10-19,LIV,MUN,1,2,31,5.2058,1.3011,15-30_to_30-45,1,0.1866,0.335,1.4939,0.8936,0.1866,0.335,-0.1484,0.1519,1.2055,-1.0536,0.2769,0.0295,0.2474,0.1883,0.0,0.1883,0.3668,0.0778,0.289,1.4939,0.8936,0.6003
28853,2526,PL,2025-10-18,MCI,EVE,2,0,24,3.3433,0.8323,60-75_to_75-90plus,2,0.1328,0.6436,1.0294,0.0366,0.1328,0.6436,-0.5108,0.1397,0.0122,0.1275,0.5485,0.0377,0.5108,0.4733,0.0,0.4733,0.225,0.0645,0.1605,1.0294,0.0366,0.9928
28854,2526,PL,2025-10-18,NOT,CHE,0,3,28,4.6348,1.4386,45-60_to_60-75,3,0.051,0.0,0.0532,0.6068,0.051,0.0,0.051,0.5663,0.0344,0.5319,0.0,0.414,-0.414,0.0,0.7678,-0.7678,1.4061,0.7353,0.6708,0.0532,0.6068,-0.5536
28855,2526,PL,2025-10-18,SUN,WOL,2,0,25,1.7024,0.745,15-30_to_30-45,1,0.0541,0.0153,0.0,0.3592,0.0541,0.0153,0.0387,0.7634,0.0165,0.7468,0.0741,0.0722,0.0019,0.0701,0.1348,-0.0647,0.0639,0.0786,-0.0147,0.0,0.3592,-0.3592
28856,2526,PL,2025-10-19,TOT,AVL,1,2,17,1.8668,0.7899,30-45_to_45-60,0,0.4011,0.0462,0.1123,0.1408,0.4011,0.0462,0.3549,0.0912,0.0,0.0912,0.0,0.0253,-0.0253,0.8508,0.0862,0.7646,0.0591,0.0537,0.0054,0.1123,0.1408,-0.0285
28857,2526,PL,2025-10-20,WHU,BRE,0,2,29,3.7579,1.5091,30-45_to_45-60,0,0.0172,0.2961,0.0332,0.2407,0.0172,0.2961,-0.2789,0.0,0.7786,-0.7786,0.0,1.4664,-1.4664,0.1597,0.117,0.0426,0.0502,0.5989,-0.5487,0.0332,0.2407,-0.2075
28858,2526,PL,2025-10-26,BOU,NOT,2,0,21,0.9697,0.4236,0-15_to_15-30,0,0.3802,0.0,0.0498,0.2068,0.3802,0.0,0.3802,0.0109,0.0543,-0.0435,0.2055,0.0212,0.1843,0.0179,0.0231,-0.0052,0.0,0.0,0.0,0.0498,0.2068,-0.1571
28859,2526,PL,2025-10-26,ARS,CRY,1,0,17,1.2325,0.5601,45-60_to_60-75,1,0.0,0.0149,0.0,0.1971,0.0,0.0149,-0.0149,0.0,0.0605,-0.0605,0.1306,0.0,0.1306,0.6167,0.0,0.6167,0.1347,0.0781,0.0566,0.0,0.1971,-0.1971
28860,2526,PL,2025-10-26,AVL,MCI,1,0,27,2.259,0.7223,45-60_to_60-75,5,0.0142,0.0426,0.0,0.3363,0.0142,0.0426,-0.0284,0.1865,0.3315,-0.145,0.1763,0.0,0.1763,0.0781,0.5252,-0.447,0.4218,0.1465,0.2753,0.0,0.3363,-0.3363
28861,2526,PL,2025-10-25,BRE,LIV,3,2,31,5.4357,1.4057,15-30_to_30-45,4,0.4568,0.4808,0.4903,0.0988,0.4568,0.4808,-0.024,0.0869,0.7073,-0.6204,0.8126,0.0272,0.7854,1.2616,0.5903,0.6713,0.1631,0.2601,-0.097,0.4903,0.0988,0.3915
28862,2526,PL,2025-10-25,CHE,SUN,1,2,26,2.7657,1.2913,15-30_to_30-45,2,0.4671,0.3245,0.096,0.1372,0.4671,0.3245,0.1426,0.0,0.9268,-0.9268,0.4093,0.0448,0.3645,0.0858,0.0,0.0858,0.1568,0.1173,0.0395,0.096,0.1372,-0.0412
28863,2526,PL,2025-10-26,EVE,TOT,0,3,19,3.5165,0.6994,0-15_to_15-30,3,0.4447,0.0,0.1115,0.6375,0.4447,0.0,0.4447,0.0141,0.2688,-0.2547,0.0,0.0327,-0.0327,0.7336,0.7408,-0.0072,0.1193,0.4136,-0.2942,0.1115,0.6375,-0.526
28864,2526,PL,2025-10-24,LED,WHU,2,1,22,2.985,1.4623,0-15_to_15-30,0,1.569,0.0305,0.0,0.1966,1.569,0.0305,1.5386,0.0763,0.0,0.0763,0.2661,0.0159,0.2502,0.5262,0.1385,0.3877,0.0487,0.1171,-0.0684,0.0,0.1966,-0.1966
28865,2526,PL,2025-10-25,MUN,BRI,4,2,30,2.9095,0.4474,60-75_to_75-90plus,0,0.2777,0.1583,0.4741,0.4869,0.2777,0.1583,0.1194,0.06,0.0,0.06,0.4311,0.1373,0.2937,0.1748,0.0545,0.1203,0.5447,0.1101,0.4346,0.4741,0.4869,-0.0128
28866,2526,PL,2025-10-25,NEW,FLH,2,1,30,4.7417,1.571,30-45_to_45-60,5,0.7123,0.212,1.0142,0.0,0.7123,0.212,0.5003,0.0789,0.1295,-0.0506,0.5064,0.1306,0.3758,0.0703,1.2654,-1.1951,0.4485,0.1736,0.2748,1.0142,0.0,1.0142
28867,2526,PL,2025-10-26,WOL,BUR,2,3,26,4.1268,1.8215,15-30_to_30-45,3,0.7626,0.0424,0.2117,0.3781,0.7626,0.0424,0.7202,0.0,0.8679,-0.8679,0.9537,0.0,0.9537,0.5309,0.1794,0.3515,0.1224,0.0776,0.0447,0.2117,0.3781,-0.1664
28868,2526,PL,2025-11-01,BRI,LED,3,0,19,3.0005,1.2391,60-75_to_75-90plus,0,0.7121,0.0,0.1101,0.1465,0.7121,0.0,0.7121,0.0,0.0586,-0.0586,0.3784,0.0,0.3784,0.2381,0.1541,0.0839,1.2027,0.0,1.2027,0.1101,0.1465,-0.0364
28869,2526,PL,2025-11-01,BUR,ARS,0,2,15,3.1957,1.1322,30-45_to_45-60,0,0.0,0.6578,0.0594,0.0757,0.0,0.6578,-0.6578,0.0,0.5564,-0.5564,0.0,1.1571,-1.1571,0.0,0.0248,-0.0248,0.6197,0.0447,0.575,0.0594,0.0757,-0.0162
28870,2526,PL,2025-11-01,CRY,BRE,2,0,16,1.5551,0.2801,15-30_to_30-45,5,0.0789,0.0939,0.05,0.0653,0.0789,0.0939,-0.015,0.1307,0.0,0.1307,0.0231,0.1726,-0.1495,0.4519,0.4381,0.0138,0.0,0.0506,-0.0506,0.05,0.0653,-0.0153
28871,2526,PL,2025-11-01,FLH,WOL,3,0,25,2.2498,0.7137,60-75_to_75-90plus,1,0.3247,0.0697,1.0577,0.073,0.3247,0.0697,0.2551,0.0247,0.0165,0.0082,0.0938,0.0,0.0938,0.2678,0.0508,0.217,0.2711,0.0,0.2711,1.0577,0.073,0.9847
28872,2526,PL,2025-11-01,LIV,AVL,2,0,26,1.9052,0.3231,0-15_to_15-30,2,0.0342,0.055,0.0814,0.1042,0.0342,0.055,-0.0209,0.4304,0.1282,0.3023,0.4628,0.018,0.4448,0.3709,0.0522,0.3187,0.0905,0.0774,0.0131,0.0814,0.1042,-0.0228
28873,2526,PL,2025-11-02,MCI,BOU,3,1,23,3.3898,1.2049,15-30_to_30-45,2,0.1037,0.0,0.2669,0.0151,0.1037,0.0,0.1037,0.6271,0.6363,-0.0092,1.2053,0.0096,1.1957,0.2338,0.221,0.0128,0.0532,0.0179,0.0353,0.2669,0.0151,0.2517
28874,2526,PL,2025-11-01,NOT,MUN,2,2,35,2.5185,0.7459,45-60_to_60-75,3,0.2257,0.133,0.2232,0.3612,0.2257,0.133,0.0927,0.0,0.0241,-0.0241,0.1486,0.1492,-0.0006,0.8812,0.138,0.7432,0.1158,0.1185,-0.0027,0.2232,0.3612,-0.138
28875,2526,PL,2025-11-03,SUN,EVE,1,1,25,2.1881,1.0482,15-30_to_30-45,1,0.0106,0.28,0.4014,0.0184,0.0106,0.28,-0.2694,0.0,0.7091,-0.7091,0.3391,0.0,0.3391,0.1026,0.0,0.1026,0.327,0.0,0.327,0.4014,0.0184,0.383
28876,2526,PL,2025-11-01,TOT,CHE,0,1,18,3.4917,1.0341,15-30_to_30-45,0,0.0,0.0508,0.0,1.038,0.0,0.0508,-0.0508,0.0,0.0759,-0.0759,0.0256,1.1356,-1.1099,0.0504,0.8769,-0.8265,0.0709,0.1676,-0.0967,0.0,1.038,-1.038
28877,2526,PL,2025-11-02,WHU,NEW,3,1,27,2.1197,0.9155,60-75_to_75-90plus,4,0.1112,0.031,1.074,0.118,0.1112,0.031,0.0802,0.0,0.091,-0.091,0.1487,0.0655,0.0832,0.1608,0.1572,0.0035,0.1013,0.0608,0.0405,1.074,0.118,0.956
28878,2526,PL,2025-11-09,AVL,BOU,4,0,29,3.929,1.3502,30-45_to_45-60,2,0.0615,0.4247,0.6705,0.0443,0.0615,0.4247,-0.3632,0.144,0.1726,-0.0286,0.9274,0.0922,0.8352,0.0,0.515,-0.515,0.1157,0.7612,-0.6455,0.6705,0.0443,0.6262
28879,2526,PL,2025-11-09,BRE,NEW,3,1,20,3.1696,1.6899,60-75_to_75-90plus,3,0.0125,0.0425,1.7946,0.0749,0.0125,0.0425,-0.03,0.055,0.2711,-0.216,0.1025,0.0,0.1025,0.7205,0.0217,0.6989,0.0521,0.0222,0.0299,1.7946,0.0749,1.7198
28880,2526,PL,2025-11-08,CHE,WOL,3,0,23,4.1693,0.5427,30-45_to_45-60,0,0.4954,0.0,1.4083,0.0938,0.4954,0.0,0.4954,0.1527,0.0,0.1527,0.1369,0.0,0.1369,0.6796,0.0,0.6796,1.1849,0.0177,1.1672,1.4083,0.0938,1.3146
28881,2526,PL,2025-11-09,CRY,BRI,0,0,17,1.4766,0.2739,0-15_to_15-30,2,0.1355,0.4093,0.3058,0.0462,0.1355,0.4093,-0.2739,0.0,0.0,0.0,0.1178,0.0433,0.0745,0.1878,0.1382,0.0496,0.0927,0.0,0.0927,0.3058,0.0462,0.2596
28882,2526,PL,2025-11-08,EVE,FLH,2,0,22,2.7332,0.8519,60-75_to_75-90plus,0,0.4853,0.0,0.9917,0.0432,0.4853,0.0,0.4853,0.0928,0.0297,0.0631,0.0,0.275,-0.275,0.6396,0.0793,0.5603,0.0967,0.0,0.0967,0.9917,0.0432,0.9486
28883,2526,PL,2025-11-09,MCI,LIV,3,0,21,2.6235,0.4467,0-15_to_15-30,1,0.7612,0.0673,0.1793,0.46,0.7612,0.0673,0.6938,0.2471,0.0,0.2471,0.0143,0.1004,-0.0861,0.2575,0.4004,-0.1429,0.1361,0.0,0.1361,0.1793,0.46,-0.2807
28884,2526,PL,2025-11-09,NOT,LED,3,1,24,2.915,0.6013,0-15_to_15-30,0,0.753,0.0471,0.8761,0.2321,0.753,0.0471,0.7059,0.1046,0.0,0.1046,0.0413,0.0,0.0413,0.1648,0.0264,0.1384,0.553,0.1166,0.4364,0.8761,0.2321,0.6439
28885,2526,PL,2025-11-08,SUN,ARS,2,2,23,3.7972,1.2221,30-45_to_45-60,2,0.0,0.0,0.4894,1.0569,0.0,0.0,0.0,0.0578,0.1276,-0.0698,0.4226,0.109,0.3136,0.1405,1.0491,-0.9085,0.0946,0.2497,-0.1551,0.4894,1.0569,-0.5675
28886,2526,PL,2025-11-08,TOT,MUN,2,2,15,2.1798,0.9467,30-45_to_45-60,2,0.0463,0.0,0.4383,0.2415,0.0463,0.0,0.0463,0.3127,0.0604,0.2522,0.0,0.3845,-0.3845,0.5622,0.0,0.5622,0.0,0.1339,-0.1339,0.4383,0.2415,0.1968
28887,2526,PL,2025-11-08,WHU,BUR,3,2,31,4.9223,1.0079,60-75_to_75-90plus,2,0.0802,0.0,2.0013,1.017,0.0802,0.0,0.0802,0.0,0.1844,-0.1844,0.866,0.5144,0.3516,0.0,0.0437,-0.0437,0.0959,0.1194,-0.0235,2.0013,1.017,0.9843
28888,2526,PL,2025-11-22,BOU,WHU,2,2,33,3.9472,1.1688,60-75_to_75-90plus,5,0.0,0.0221,2.1341,0.0,0.0,0.0221,-0.0221,0.2221,0.2154,0.0067,0.0,0.0862,-0.0862,0.2264,0.0754,0.1509,0.9653,0.0,0.9653,2.1341,0.0,2.1341
28889,2526,PL,2025-11-23,ARS,TOT,4,1,20,2.3083,0.4706,15-30_to_30-45,0,0.5069,0.0,0.2383,0.0114,0.5069,0.0,0.5069,0.077,0.0,0.077,0.5477,0.0,0.5477,0.2555,0.0081,0.2474,0.6529,0.0106,0.6423,0.2383,0.0114,0.2269
28890,2526,PL,2025-11-22,BRI,BRE,2,1,24,3.1808,1.5893,60-75_to_75-90plus,4,0.0478,0.0627,0.1236,1.283,0.0478,0.0627,-0.0149,0.1079,0.7612,-0.6533,0.1096,0.0155,0.0941,0.0849,0.0,0.0849,0.5073,0.0774,0.4298,0.1236,1.283,-1.1595
28891,2526,PL,2025-11-22,BUR,CHE,0,2,23,2.3819,0.8093,60-75_to_75-90plus,1,0.2643,0.0159,0.077,0.7018,0.2643,0.0159,0.2484,0.0191,0.0385,-0.0195,0.0204,0.4397,-0.4193,0.0,0.4293,-0.4293,0.2801,0.0956,0.1845,0.077,0.7018,-0.6248
28892,2526,PL,2025-11-22,FLH,SUN,1,0,28,3.0601,1.5209,60-75_to_75-90plus,0,0.0662,0.0,1.7456,0.0,0.0662,0.0,0.0662,0.6152,0.0,0.6152,0.1662,0.0458,0.1203,0.01,0.1676,-0.1575,0.2341,0.0094,0.2247,1.7456,0.0,1.7456
28893,2526,PL,2025-11-23,LED,AVL,1,2,28,3.4932,1.4162,0-15_to_15-30,0,1.2303,0.0959,0.4692,0.2389,1.2303,0.0959,1.1344,0.148,0.4298,-0.2818,0.0602,0.0599,0.0004,0.2073,0.2572,-0.0499,0.0184,0.2781,-0.2597,0.4692,0.2389,0.2303
28894,2526,PL,2025-11-22,LIV,NOT,0,3,36,2.998,0.4318,30-45_to_45-60,1,0.5949,0.0539,0.4796,0.3332,0.5949,0.0539,0.541,0.3491,0.017,0.3321,0.1297,0.1059,0.0238,0.0545,0.4625,-0.408,0.1849,0.2329,-0.048,0.4796,0.3332,0.1464
28895,2526,PL,2025-11-24,MUN,EVE,0,1,28,2.4321,0.577,15-30_to_30-45,3,0.0408,0.0295,0.8781,0.0,0.0408,0.0295,0.0113,0.0206,0.1256,-0.105,0.4721,0.0,0.4721,0.2628,0.0,0.2628,0.6027,0.0,0.6027,0.8781,0.0,0.8781
28896,2526,PL,2025-11-22,NEW,MCI,2,1,26,5.36,1.912,45-60_to_60-75,2,0.6653,0.2087,0.0,0.233,0.6653,0.2087,0.4566,0.2852,0.2531,0.0322,0.4049,1.1519,-0.747,0.0,0.4869,-0.4869,1.5481,0.123,1.4251,0.0,0.233,-0.233
28897,2526,PL,2025-11-22,WOL,CRY,0,2,18,3.1724,1.4515,60-75_to_75-90plus,4,0.0153,0.0,0.9429,0.1137,0.0153,0.0,0.0153,0.6398,0.5275,0.1123,0.0,0.0892,-0.0892,0.108,0.1139,-0.0059,0.0,0.6223,-0.6223,0.9429,0.1137,0.8292
28898,2526,PL,2025-11-30,AVL,WOL,1,0,25,1.8525,0.6243,45-60_to_60-75,0,0.407,0.0604,0.1224,0.0944,0.407,0.0604,0.3466,0.0719,0.0,0.0719,0.1056,0.0261,0.0795,0.1357,0.4821,-0.3465,0.3123,0.0345,0.2778,0.1224,0.0944,0.028
28899,2526,PL,2025-11-29,BRE,BUR,3,1,20,4.6198,1.0409,30-45_to_45-60,0,0.5083,0.0,1.7498,0.7778,0.5083,0.0,0.5083,0.471,0.0,0.471,0.0,0.0741,-0.0741,0.989,0.0222,0.9668,0.0277,0.0,0.0277,1.7498,0.7778,0.9721
28900,2526,PL,2025-11-30,CHE,ARS,1,1,19,2.0202,0.4843,0-15_to_15-30,4,0.0,0.2674,0.1378,0.3162,0.0,0.2674,-0.2674,0.217,0.0,0.217,0.0887,0.0,0.0887,0.2729,0.6448,-0.3719,0.0756,0.0,0.0756,0.1378,0.3162,-0.1783
28901,2526,PL,2025-11-30,CRY,MUN,1,2,28,4.1859,1.8774,0-15_to_15-30,3,0.3928,1.6374,0.1265,0.2604,0.3928,1.6374,-1.2446,0.6328,0.0,0.6328,0.7612,0.0435,0.7176,0.1295,0.0638,0.0657,0.0929,0.0451,0.0477,0.1265,0.2604,-0.1339
28902,2526,PL,2025-11-29,EVE,NEW,1,4,23,3.475,1.407,45-60_to_60-75,0,0.2788,0.6656,0.0711,0.2797,0.2788,0.6656,-0.3868,0.0,0.2485,-0.2485,0.0,0.3667,-0.3667,0.0787,0.8983,-0.8195,0.5875,0.0,0.5875,0.0711,0.2797,-0.2086
28903,2526,PL,2025-11-29,MCI,LED,3,2,27,5.5855,1.8119,15-30_to_30-45,0,0.4949,0.0502,0.3892,0.1409,0.4949,0.0502,0.4447,1.9837,0.0,1.9837,0.2458,0.074,0.1718,0.1567,0.5751,-0.4184,0.0858,1.3891,-1.3033,0.3892,0.1409,0.2483
28904,2526,PL,2025-11-30,NOT,BRI,0,2,36,3.0207,0.9426,0-15_to_15-30,1,0.0728,0.685,0.0844,0.3543,0.0728,0.685,-0.6122,0.4461,0.1157,0.3304,0.0647,0.0,0.0647,0.079,0.4981,-0.4192,0.215,0.4055,-0.1905,0.0844,0.3543,-0.2699
28905,2526,PL,2025-11-29,SUN,BOU,3,2,29,3.3058,1.4708,0-15_to_15-30,2,0.1827,1.2415,0.0,0.1696,0.1827,1.2415,-1.0589,0.7979,0.386,0.4119,0.033,0.1321,-0.0991,0.0551,0.1374,-0.0823,0.1009,0.0696,0.0313,0.0,0.1696,-0.1696
28906,2526,PL,2025-11-29,TOT,FLH,1,2,21,1.5831,0.4176,60-75_to_75-90plus,1,0.0,0.2954,0.6447,0.0985,0.0,0.2954,-0.2954,0.0152,0.0,0.0152,0.0221,0.0,0.0221,0.1769,0.0,0.1769,0.2295,0.1009,0.1286,0.6447,0.0985,0.5462
28907,2526,PL,2025-11-30,WHU,LIV,0,2,16,1.9321,0.5369,0-15_to_15-30,2,0.0142,0.0352,0.0993,0.3656,0.0142,0.0352,-0.021,0.1449,0.7028,-0.5579,0.047,0.3395,-0.2926,0.0589,0.1249,-0.066,0.0,0.0,0.0,0.0993,0.3656,-0.2663
28908,2526,PL,2025-12-02,BOU,EVE,0,1,18,1.8311,0.6849,45-60_to_60-75,0,0.0,0.1757,0.1059,0.1584,0.0,0.1757,-0.1757,0.0734,0.0401,0.0333,0.0,0.0893,-0.0893,0.0,0.4805,-0.4805,0.4562,0.2518,0.2044,0.1059,0.1584,-0.0525
28909,2526,PL,2025-12-03,ARS,BRE,2,0,21,3.277,0.6446,15-30_to_30-45,0,0.4588,0.0,0.7388,0.0798,0.4588,0.0,0.4588,0.3595,0.5009,-0.1414,0.5031,0.0,0.5031,0.0,0.0089,-0.0089,0.6272,0.0,0.6272,0.7388,0.0798,0.6591
28910,2526,PL,2025-12-03,BRI,AVL,3,4,31,5.1214,1.1458,0-15_to_15-30,1,1.2419,0.1086,0.4258,1.1241,1.2419,0.1086,1.1333,0.048,0.0605,-0.0125,0.0,0.7448,-0.7448,0.162,1.0982,-0.9362,0.0863,0.0213,0.065,0.4258,1.1241,-0.6983
28911,2526,PL,2025-12-03,BUR,CRY,0,1,13,2.1588,0.8487,60-75_to_75-90plus,3,0.0723,0.0915,0.9094,0.0,0.0723,0.0915,-0.0192,0.0,0.0,0.0,0.0259,0.4514,-0.4255,0.1027,0.4449,-0.3423,0.0607,0.0,0.0607,0.9094,0.0,0.9094
28912,2526,PL,2025-12-02,FLH,MCI,4,5,24,2.9591,0.6159,60-75_to_75-90plus,0,0.0,0.3978,0.5745,0.0,0.0,0.3978,-0.3978,0.0719,0.1388,-0.0669,0.042,0.7205,-0.6785,0.2086,0.6123,-0.4036,0.0756,0.117,-0.0414,0.5745,0.0,0.5745
28913,2526,PL,2025-12-03,LED,CHE,3,1,31,3.3104,0.9271,60-75_to_75-90plus,0,0.2279,0.0183,0.1386,0.1079,0.2279,0.0183,0.2096,0.1759,0.1619,0.014,0.0738,0.1258,-0.052,0.6173,0.3983,0.219,1.1112,0.1534,0.9577,0.1386,0.1079,0.0307
28914,2526,PL,2025-12-03,LIV,SUN,1,1,33,2.0965,0.5265,15-30_to_30-45,0,0.0171,0.0,0.4878,0.4857,0.0171,0.0,0.0171,0.5325,0.0123,0.5202,0.1294,0.1357,-0.0064,0.1407,0.0505,0.0902,0.0729,0.032,0.0409,0.4878,0.4857,0.0021
28915,2526,PL,2025-12-04,MUN,WHU,1,1,28,3.8035,0.8984,15-30_to_30-45,3,0.0854,0.1205,0.7353,0.6141,0.0854,0.1205,-0.035,0.8221,0.1026,0.7195,0.1741,0.353,-0.1789,0.4113,0.0775,0.3338,0.1611,0.1464,0.0147,0.7353,0.6141,0.1212
28916,2526,PL,2025-12-02,NEW,TOT,2,2,27,2.9376,0.7231,30-45_to_45-60,2,0.2466,0.0,0.785,0.5094,0.2466,0.0,0.2466,0.0665,0.0,0.0665,0.1654,0.5212,-0.3558,0.3673,0.0,0.3673,0.2548,0.0215,0.2333,0.785,0.5094,0.2757
28917,2526,PL,2025-12-03,WOL,NOT,0,1,15,2.1485,1.0421,45-60_to_60-75,2,0.0,0.1137,0.2151,0.0,0.0,0.1137,-0.1137,0.0,0.3572,-0.3572,0.0192,0.0844,-0.0652,0.7902,0.1583,0.6319,0.0,0.4102,-0.4102,0.2151,0.0,0.2151
28918,2526,PL,2025-12-06,BOU,CHE,0,0,24,2.1517,1.0922,15-30_to_30-45,2,0.1118,0.0,0.0351,0.0228,0.1118,0.0,0.1118,0.0,0.1354,-0.1354,0.9825,0.0257,0.9568,0.3497,0.2813,0.0684,0.0,0.2074,-0.2074,0.0351,0.0228,0.0123
28919,2526,PL,2025-12-06,AVL,ARS,2,1,30,4.9934,2.1105,60-75_to_75-90plus,5,0.4521,0.5215,1.9632,0.0352,0.4521,0.5215,-0.0693,0.1018,0.0455,0.0563,0.3655,0.1304,0.2352,0.0933,0.7868,-0.6935,0.1577,0.3402,-0.1825,1.9632,0.0352,1.928
28920,2526,PL,2025-12-07,BRI,WHU,1,1,36,3.8545,0.9444,30-45_to_45-60,6,0.0428,0.0,1.1733,0.5243,0.0428,0.0,0.0428,0.0154,0.1574,-0.1419,0.6832,0.3362,0.347,0.0342,0.6316,-0.5974,0.1608,0.0953,0.0655,1.1733,0.5243,0.649
28921,2526,PL,2025-12-06,EVE,NOT,3,0,19,1.5658,0.5592,30-45_to_45-60,1,0.0,0.0185,0.3286,0.0381,0.0,0.0185,-0.0185,0.0992,0.0,0.0992,0.0,0.0,0.0,0.7326,0.1734,0.5592,0.0931,0.0823,0.0108,0.3286,0.0381,0.2905
28922,2526,PL,2025-12-07,FLH,CRY,1,2,23,2.4918,0.4978,60-75_to_75-90plus,3,0.0908,0.0,0.1515,0.8745,0.0908,0.0,0.0908,0.3647,0.3229,0.0418,0.0681,0.1018,-0.0337,0.047,0.156,-0.109,0.0447,0.2698,-0.2251,0.1515,0.8745,-0.723
28923,2526,PL,2025-12-06,LED,LIV,3,3,28,3.8414,1.7077,45-60_to_60-75,1,0.1548,0.0364,0.6193,0.4088,0.1548,0.0364,0.1184,0.0,0.3999,-0.3999,0.1296,0.1091,0.0205,0.0,0.9559,-0.9559,0.8896,0.1378,0.7518,0.6193,0.4088,0.2105
28924,2526,PL,2025-12-06,MCI,SUN,3,0,26,3.0566,0.464,30-45_to_45-60,0,0.1344,0.0,0.3044,0.0339,0.1344,0.0,0.1344,0.3642,0.1654,0.1988,0.0905,0.0,0.0905,0.9607,0.4062,0.5544,0.576,0.021,0.555,0.3044,0.0339,0.2705
28925,2526,PL,2025-12-06,NEW,BUR,2,1,26,3.3908,1.3194,60-75_to_75-90plus,1,0.1189,0.1195,0.1376,1.0098,0.1189,0.1195,-0.0006,0.0772,0.0,0.0772,0.1696,0.076,0.0936,0.8565,0.3785,0.478,0.4472,0.0,0.4472,0.1376,1.0098,-0.8722
28926,2526,PL,2025-12-06,TOT,BRE,2,0,19,2.9091,0.5213,45-60_to_60-75,0,0.1346,0.0,0.5353,0.3847,0.1346,0.0,0.1346,0.6976,0.0696,0.628,0.4601,0.0,0.4601,0.558,0.0,0.558,0.0529,0.0163,0.0366,0.5353,0.3847,0.1507
28927,2526,PL,2025-12-08,WOL,MUN,1,4,35,4.4097,1.1112,15-30_to_30-45,1,0.013,0.348,0.0542,0.9288,0.013,0.348,-0.335,0.0,1.214,-1.214,0.0281,0.1309,-0.1028,0.1502,0.7911,-0.6409,0.0166,0.7347,-0.7182,0.0542,0.9288,-0.8746
28928,2526,PL,2025-12-13,ARS,WOL,2,1,21,2.2379,0.4641,15-30_to_30-45,0,0.1235,0.0,0.1983,0.0527,0.1235,0.0,0.1235,0.4428,0.4973,-0.0545,0.4096,0.0,0.4096,0.1443,0.07,0.0743,0.2995,0.0,0.2995,0.1983,0.0527,0.1457
28929,2526,PL,2025-12-14,BRE,LED,1,1,24,2.3311,1.0172,60-75_to_75-90plus,1,0.0182,0.0119,0.1082,0.7399,0.0182,0.0119,0.0063,0.0339,0.068,-0.0341,0.0791,0.5743,-0.4952,0.0,0.168,-0.168,0.4576,0.072,0.3856,0.1082,0.7399,-0.6316
28930,2526,PL,2025-12-13,BUR,FLH,2,3,22,3.7123,0.7995,15-30_to_30-45,4,0.4199,0.5822,0.405,0.1191,0.4199,0.5822,-0.1624,0.4542,0.0,0.4542,0.3929,0.7382,-0.3453,0.3314,0.211,0.1203,0.0584,0.0,0.0584,0.405,0.1191,0.286
28931,2526,PL,2025-12-13,CHE,EVE,2,0,28,3.9846,0.908,0-15_to_15-30,2,0.0463,0.0732,0.2285,0.2675,0.0463,0.0732,-0.0268,0.9168,0.0356,0.8812,0.6029,0.4907,0.1122,0.596,0.0415,0.5545,0.2541,0.4315,-0.1774,0.2285,0.2675,-0.039
28932,2526,PL,2025-12-14,CRY,MCI,0,3,23,2.6566,0.6965,15-30_to_30-45,1,0.1191,0.0,0.2736,0.8272,0.1191,0.0,0.1191,0.5533,0.0369,0.5165,0.1151,0.2952,-0.1801,0.2422,0.1463,0.0959,0.0,0.0476,-0.0476,0.2736,0.8272,-0.5536
28933,2526,PL,2025-12-13,LIV,BRI,2,0,32,4.1027,0.717,60-75_to_75-90plus,6,0.5275,0.5002,0.6547,0.2342,0.5275,0.5002,0.0274,0.142,0.0659,0.0761,0.2565,0.0827,0.1739,0.8319,0.5105,0.3214,0.0,0.2965,-0.2965,0.6547,0.2342,0.4205
28934,2526,PL,2025-12-15,MUN,BOU,4,4,39,5.6793,1.8811,0-15_to_15-30,0,1.4131,0.0,0.5342,1.0021,1.4131,0.0,1.4131,0.2987,0.7667,-0.468,0.5216,0.1683,0.3534,0.2433,0.5266,-0.2833,0.2047,0.0,0.2047,0.5342,1.0021,-0.4679
28935,2526,PL,2025-12-14,NOT,TOT,3,0,21,2.7635,0.7451,30-45_to_45-60,0,0.4673,0.0486,0.2503,0.0565,0.4673,0.0486,0.4187,0.748,0.0,0.748,0.6919,0.0562,0.6357,0.1095,0.2189,-0.1094,0.1163,0.0,0.1163,0.2503,0.0565,0.1937
28936,2526,PL,2025-12-14,SUN,NEW,1,0,12,0.7994,0.3927,30-45_to_45-60,0,0.0,0.0,0.0792,0.06,0.0,0.0,0.0,0.0681,0.0,0.0681,0.4138,0.0211,0.3927,0.0,0.0,0.0,0.0689,0.0882,-0.0193,0.0792,0.06,0.0192
28937,2526,PL,2025-12-14,WHU,AVL,2,3,18,1.9175,0.7528,15-30_to_30-45,0,0.3009,0.0,0.0636,0.1502,0.3009,0.0,0.3009,0.7322,0.0,0.7322,0.0,0.0206,-0.0206,0.0788,0.4149,-0.336,0.1468,0.0095,0.1373,0.0636,0.1502,-0.0866
28938,2526,PL,2025-12-20,BOU,BUR,1,1,20,2.2994,0.4067,60-75_to_75-90plus,0,0.1835,0.0,0.6766,0.4809,0.1835,0.0,0.1835,0.073,0.0,0.073,0.0302,0.0,0.0302,0.2529,0.0,0.2529,0.6023,0.0,0.6023,0.6766,0.4809,0.1957
28939,2526,PL,2025-12-21,AVL,MUN,2,1,27,3.3872,2.0149,0-15_to_15-30,1,1.7404,0.0173,0.0636,0.1202,1.7404,0.0173,1.723,0.0,0.2919,-0.2919,0.0756,0.1151,-0.0395,0.1203,0.3408,-0.2205,0.0814,0.4206,-0.3392,0.0636,0.1202,-0.0566
28940,2526,PL,2025-12-20,BRI,SUN,0,0,30,2.2324,0.8833,30-45_to_45-60,3,0.0152,0.0184,0.51,0.0,0.0152,0.0184,-0.0032,0.0618,0.0842,-0.0224,0.0,0.7691,-0.7691,0.3322,0.2181,0.1142,0.0,0.2233,-0.2233,0.51,0.0,0.51
28941,2526,PL,2025-12-20,EVE,ARS,0,1,18,2.0928,0.8628,0-15_to_15-30,0,0.0,0.0,0.0308,0.033,0.0,0.0,0.0,0.0,0.8628,-0.8628,0.0,0.1286,-0.1286,0.1606,0.1406,0.0201,0.0218,0.7146,-0.6928,0.0308,0.033,-0.0022
28942,2526,PL,2025-12-22,FLH,NOT,1,0,23,2.192,0.5896,45-60_to_60-75,1,0.0,0.2268,0.4921,0.0,0.0,0.2268,-0.2268,0.1108,0.0077,0.1031,0.3136,0.0482,0.2655,0.7612,0.1736,0.5875,0.0279,0.03,-0.0021,0.4921,0.0,0.4921
28943,2526,PL,2025-12-20,LED,CRY,4,1,29,4.9161,1.2142,60-75_to_75-90plus,0,0.0,0.0,0.1701,1.1934,0.0,0.0,0.0,0.2934,0.1408,0.1526,1.3921,0.032,1.3601,1.1699,0.0,1.1699,0.3577,0.1667,0.191,0.1701,1.1934,-1.0233
28944,2526,PL,2025-12-20,MCI,WHU,3,0,24,4.8079,1.4262,0-15_to_15-30,0,1.5236,0.0,0.8082,0.391,1.5236,0.0,1.5236,0.0974,0.0,0.0974,0.6315,0.0,0.6315,0.0578,0.6323,-0.5744,0.6661,0.0,0.6661,0.8082,0.391,0.4172
28945,2526,PL,2025-12-20,NEW,CHE,2,2,24,4.3956,1.1734,0-15_to_15-30,1,1.7172,0.1439,0.4136,0.2154,1.7172,0.1439,1.5733,0.3999,0.0,0.3999,0.5776,0.0216,0.556,0.2202,0.2226,-0.0024,0.041,0.4227,-0.3817,0.4136,0.2154,0.1982
28946,2526,PL,2025-12-20,TOT,LIV,1,2,23,2.6398,1.3646,60-75_to_75-90plus,4,0.1471,0.0501,0.774,0.0,0.1471,0.0501,0.097,0.4039,0.0,0.4039,0.0,0.0493,-0.0493,0.0,0.4584,-0.4584,0.0832,0.6738,-0.5906,0.774,0.0,0.774
28947,2526,PL,2025-12-20,WOL,BRE,0,2,16,2.8328,0.4013,60-75_to_75-90plus,1,0.0,0.0,0.8637,0.6738,0.0,0.0,0.0,0.0,0.0,0.0,0.1287,0.1114,0.0173,0.1875,0.4767,-0.2892,0.0899,0.3012,-0.2113,0.8637,0.6738,0.1899
28948,2526,PL,2025-12-27,ARS,BRI,2,1,33,3.5823,1.394,15-30_to_30-45,0,0.3161,0.0,0.9195,0.1548,0.3161,0.0,0.3161,0.0,0.0,0.0,1.394,0.0,1.394,0.1015,0.0863,0.0153,0.1206,0.4896,-0.369,0.9195,0.1548,0.7648
28949,2526,PL,2025-12-27,BRE,BOU,4,1,36,5.709,3.1396,60-75_to_75-90plus,2,0.6354,0.0547,1.0876,0.1528,0.6354,0.0547,0.5807,0.3993,0.0289,0.3704,0.0823,0.0,0.0823,0.6467,0.4166,0.2301,0.0,2.2048,-2.2048,1.0876,0.1528,0.9349
28950,2526,PL,2025-12-27,BUR,EVE,0,0,31,2.518,0.9484,45-60_to_60-75,2,0.2721,0.0603,0.2479,0.3386,0.2721,0.0603,0.2118,0.1056,0.0593,0.0463,0.0,0.0534,-0.0534,0.4729,0.0498,0.4231,0.1663,0.6916,-0.5253,0.2479,0.3386,-0.0907
28951,2526,PL,2025-12-27,CHE,AVL,1,2,25,4.295,2.0132,45-60_to_60-75,1,0.06,0.0,0.1857,0.2847,0.06,0.0,0.06,0.8185,0.0,0.8185,0.8659,0.0,0.8659,0.0414,0.0335,0.0079,0.0,2.0053,-2.0053,0.1857,0.2847,-0.099
28952,2526,PL,2025-12-28,CRY,TOT,0,1,23,1.8609,0.8366,15-30_to_30-45,5,0.0461,0.0,0.2239,0.2332,0.0461,0.0,0.0461,0.2689,0.0,0.2689,0.1174,0.6851,-0.5677,0.1982,0.0,0.1982,0.0752,0.0129,0.0623,0.2239,0.2332,-0.0093
28953,2526,PL,2025-12-27,LIV,WOL,2,1,23,2.4097,1.4411,30-45_to_45-60,0,0.1809,0.0,0.0494,0.1519,0.1809,0.0,0.1809,0.1328,0.0293,0.1035,0.8265,0.016,0.8105,0.0,0.6306,-0.6306,0.3754,0.0169,0.3586,0.0494,0.1519,-0.1025
28954,2526,PL,2025-12-26,MUN,NEW,1,0,25,2.0708,0.2878,45-60_to_60-75,3,0.2282,0.0799,0.0417,0.3118,0.2282,0.0799,0.1484,0.1027,0.0573,0.0454,0.1275,0.0,0.1275,0.094,0.0702,0.0238,0.3467,0.6107,-0.264,0.0417,0.3118,-0.2701
28955,2526,PL,2025-12-27,NOT,MCI,1,2,23,2.0666,0.1412,15-30_to_30-45,0,0.0,0.1041,0.0274,0.1646,0.0,0.1041,-0.1041,0.0592,0.1085,-0.0493,0.0,0.1906,-0.1906,0.3647,0.5375,-0.1728,0.1499,0.3601,-0.2102,0.0274,0.1646,-0.1371
28956,2526,PL,2025-12-28,SUN,LED,1,1,25,3.4125,0.6246,60-75_to_75-90plus,3,0.0375,0.1552,0.141,0.0,0.0375,0.1552,-0.1177,0.1196,0.0,0.1196,0.0,0.46,-0.46,0.4543,1.4541,-0.9998,0.0535,0.5371,-0.4836,0.141,0.0,0.141
28957,2526,PL,2025-12-27,WHU,FLH,0,1,26,2.2571,1.19,60-75_to_75-90plus,5,0.0693,0.0781,0.0,0.5942,0.0693,0.0781,-0.0088,0.092,0.1618,-0.0698,0.0,0.1715,-0.1715,0.309,0.0359,0.2731,0.6706,0.0747,0.5958,0.0,0.5942,-0.5942
28958,2526,PL,2025-12-30,ARS,AVL,4,1,33,8.0427,2.3443,60-75_to_75-90plus,2,0.1725,0.4404,1.4484,2.9604,0.1725,0.4404,-0.2679,0.1378,0.1239,0.0139,0.4741,0.0,0.4741,1.32,0.0185,1.3015,0.8895,0.0572,0.8323,1.4484,2.9604,-1.5121
28959,2526,PL,2026-01-01,BRE,TOT,0,0,16,1.17,0.4383,60-75_to_75-90plus,4,0.1,0.07,0.0,0.1281,0.1,0.07,0.03,0.0115,0.0,0.0115,0.0224,0.1981,-0.1757,0.0934,0.1987,-0.1053,0.329,0.0188,0.3102,0.0,0.1281,-0.1281
28960,2526,PL,2025-12-30,BUR,NEW,1,3,35,4.7799,1.9852,0-15_to_15-30,0,0.0,2.0269,0.1546,0.4537,0.0,2.0269,-2.0269,0.1522,0.1938,-0.0417,0.1767,0.6118,-0.4352,0.5087,0.086,0.4227,0.3334,0.0821,0.2513,0.1546,0.4537,-0.2992
28961,2526,PL,2025-12-30,CHE,BOU,2,2,34,6.2559,1.0436,30-45_to_45-60,0,0.7612,1.4699,0.2259,0.3777,0.7612,1.4699,-0.7087,0.1484,1.4062,-1.2578,0.1852,0.5687,-0.3835,0.7606,0.1005,0.6601,0.2516,0.0,0.2516,0.2259,0.3777,-0.1518
28962,2526,PL,2026-01-01,CRY,FLH,1,1,28,4.1621,2.0347,60-75_to_75-90plus,1,0.0,0.0,0.0,1.2192,0.0,0.0,0.0,0.0,0.2716,-0.2716,1.2167,0.0399,1.1768,0.3212,0.278,0.0433,0.8156,0.0,0.8156,0.0,1.2192,-1.2192
28963,2526,PL,2026-01-01,LIV,LED,0,0,23,1.8603,0.7636,15-30_to_30-45,1,0.3781,0.0279,0.0333,0.1227,0.3781,0.0279,0.3501,0.015,0.0,0.015,0.7912,0.0125,0.7787,0.1756,0.0,0.1756,0.3041,0.0,0.3041,0.0333,0.1227,-0.0894
28964,2526,PL,2025-12-30,MUN,WOL,1,1,26,2.3526,1.1002,45-60_to_60-75,3,0.0502,0.0,0.2693,0.0761,0.0502,0.0,0.0502,0.059,0.0559,0.0032,0.3137,0.2809,0.0328,0.4008,0.0336,0.3672,0.0401,0.7731,-0.733,0.2693,0.0761,0.1932
28965,2526,PL,2025-12-30,NOT,EVE,0,2,32,3.4539,0.6334,45-60_to_60-75,3,0.0321,0.0654,0.8706,0.6863,0.0321,0.0654,-0.0333,0.3417,0.3638,-0.0221,0.0547,0.0,0.0547,0.2566,0.0,0.2566,0.203,0.5798,-0.3769,0.8706,0.6863,0.1843
28966,2526,PL,2026-01-01,SUN,MCI,0,0,24,3.4694,0.8529,60-75_to_75-90plus,2,0.0,0.0,0.0773,0.2143,0.0,0.0,0.0,0.3821,0.0313,0.3508,0.1421,0.3937,-0.2516,0.3607,0.8781,-0.5174,0.0,0.9899,-0.9899,0.0773,0.2143,-0.137
28967,2526,PL,2025-12-30,WHU,BRI,2,2,26,5.3855,1.8534,30-45_to_45-60,2,0.3503,0.2823,0.2275,0.3157,0.3503,0.2823,0.068,0.2494,0.0302,0.2192,0.4119,1.5223,-1.1104,0.7612,0.0182,0.743,0.2961,0.9204,-0.6243,0.2275,0.3157,-0.0882
28968,2526,PL,2026-01-04,NEW,CRY,2,0,23,4.1761,1.3293,45-60_to_60-75,2,0.1121,0.0592,1.6997,0.3101,0.1121,0.0592,0.0529,0.3084,0.0251,0.2833,0.0189,0.157,-0.138,0.0,0.6541,-0.6541,0.7533,0.0782,0.6751,1.6997,0.3101,1.3896
28969,2526,PL,2026-01-04,TOT,SUN,1,1,23,1.9777,0.9649,15-30_to_30-45,0,0.092,0.0,0.0801,0.2231,0.092,0.0,0.092,0.9787,0.0,0.9787,0.1075,0.0938,0.0137,0.0543,0.0989,-0.0447,0.1977,0.0517,0.1461,0.0801,0.2231,-0.143
28970,2526,PL,2026-01-03,WOL,WHU,3,0,17,2.4749,1.3081,30-45_to_45-60,0,0.5696,0.0,0.091,0.0436,0.5696,0.0,0.5696,0.0,0.0,0.0,1.1865,0.0,1.1865,0.0113,0.1329,-0.1216,0.381,0.0593,0.3217,0.091,0.0436,0.0474
28971,2526,PL,2026-01-03,BOU,ARS,2,3,27,2.2687,0.6646,0-15_to_15-30,4,0.3839,0.1031,0.0769,0.1965,0.3839,0.1031,0.2809,0.1549,0.5387,-0.3837,0.1782,0.0,0.1782,0.1539,0.0683,0.0856,0.0,0.4142,-0.4142,0.0769,0.1965,-0.1196
28972,2526,PL,2026-01-03,AVL,NOT,3,1,21,2.3281,0.5724,0-15_to_15-30,0,0.627,0.0,0.0,0.0803,0.627,0.0,0.627,0.1287,0.0741,0.0546,0.0,0.0283,-0.0283,0.2358,0.4046,-0.1688,0.4383,0.3109,0.1274,0.0,0.0803,-0.0803
28973,2526,PL,2026-01-03,BRI,BUR,2,0,20,1.7277,0.6762,45-60_to_60-75,0,0.0944,0.0,0.1124,0.0444,0.0944,0.0,0.0944,0.4627,0.0,0.4627,0.0712,0.0,0.0712,0.731,0.1332,0.5978,0.0,0.0784,-0.0784,0.1124,0.0444,0.068
28974,2526,PL,2026-01-04,EVE,BRE,2,4,25,4.0575,1.3447,45-60_to_60-75,1,0.1802,0.4061,0.4427,0.414,0.1802,0.4061,-0.2259,0.074,0.1752,-0.1011,0.0582,0.4233,-0.3651,0.1227,1.4864,-1.3637,0.1278,0.1468,-0.019,0.4427,0.414,0.0287
28975,2526,PL,2026-01-04,FLH,LIV,2,2,18,2.328,0.6342,0-15_to_15-30,0,0.0,0.4148,0.1806,0.5743,0.0,0.4148,-0.4148,0.2195,0.0,0.2195,0.0,0.1621,-0.1621,0.0841,0.4963,-0.4121,0.125,0.0713,0.0537,0.1806,0.5743,-0.3938
28976,2526,PL,2026-01-04,LED,MUN,1,1,25,2.9382,0.629,45-60_to_60-75,4,0.1353,0.0171,0.1538,0.0252,0.1353,0.0171,0.1182,0.0102,0.1515,-0.1413,0.1255,0.7436,-0.6181,0.0192,0.5764,-0.5572,0.5262,0.4543,0.0719,0.1538,0.0252,0.1286
28977,2526,PL,2026-01-04,MCI,CHE,1,1,22,3.7132,1.8871,60-75_to_75-90plus,4,0.0,0.0,0.0412,1.8674,0.0,0.0,0.0,0.3035,0.1011,0.2024,0.3284,0.0,0.3284,0.2268,0.6447,-0.4179,0.1305,0.0696,0.061,0.0412,1.8674,-1.8262
28978,2526,PL,2026-01-07,EVE,WOL,1,1,25,2.3702,1.1869,0-15_to_15-30,0,0.0381,0.0,0.0,0.1489,0.0381,0.0,0.0381,1.2251,0.0,1.2251,0.174,0.0729,0.1011,0.0237,0.1112,-0.0875,0.196,0.3803,-0.1843,0.0,0.1489,-0.1489
28979,2526,PL,2026-01-07,BOU,TOT,3,2,27,2.8276,0.7177,30-45_to_45-60,4,0.017,0.0549,0.218,0.8775,0.017,0.0549,-0.038,0.1143,0.0963,0.018,0.6549,0.0158,0.6391,0.0,0.0787,-0.0787,0.1903,0.51,-0.3197,0.218,0.8775,-0.6595
28980,2526,PL,2026-01-08,ARS,LIV,0,0,17,1.0215,0.3422,15-30_to_30-45,4,0.0356,0.0,0.3903,0.1439,0.0356,0.0,0.0356,0.0226,0.1115,-0.0889,0.2533,0.0,0.2533,0.0,0.0,0.0,0.0,0.0643,-0.0643,0.3903,0.1439,0.2464
28981,2526,PL,2026-01-07,BRE,SUN,3,0,29,5.3712,2.9609,45-60_to_60-75,4,0.0506,0.0579,0.583,0.0716,0.0506,0.0579,-0.0073,1.1232,0.0,1.1232,0.0763,0.1128,-0.0365,0.0826,1.1792,-1.0967,1.9491,0.0849,1.8642,0.583,0.0716,0.5114
28982,2526,PL,2026-01-07,BUR,MUN,2,2,38,2.8494,1.5833,45-60_to_60-75,4,0.0289,0.0197,0.0377,0.418,0.0289,0.0197,0.0093,0.0,0.0355,-0.0355,0.0441,0.2459,-0.2018,0.0566,1.6491,-1.5925,0.1523,0.1615,-0.0091,0.0377,0.418,-0.3802
28983,2526,PL,2026-01-07,CRY,AVL,0,0,26,3.4344,0.971,60-75_to_75-90plus,2,0.0,0.0251,0.0,0.4388,0.0,0.0251,-0.0251,0.3822,0.4769,-0.0947,0.0,0.402,-0.402,0.4047,0.7011,-0.2964,0.5679,0.0356,0.5322,0.0,0.4388,-0.4388
28984,2526,PL,2026-01-07,FLH,CHE,2,1,30,3.5228,1.6365,60-75_to_75-90plus,1,0.1253,0.0,0.486,0.0663,0.1253,0.0,0.1253,0.239,0.8837,-0.6448,0.0445,0.0362,0.0082,0.177,0.248,-0.0711,0.0,1.2168,-1.2168,0.486,0.0663,0.4197
28985,2526,PL,2026-01-07,MCI,BRI,1,1,28,4.2936,1.8741,60-75_to_75-90plus,1,0.4087,0.4266,1.1412,0.0,0.4087,0.4266,-0.0179,0.1299,0.0113,0.1186,0.7612,0.0,0.7612,0.4134,0.0533,0.3602,0.1076,0.8405,-0.7329,1.1412,0.0,1.1412
28986,2526,PL,2026-01-07,NEW,LED,4,3,32,4.8286,1.6814,30-45_to_45-60,5,0.0,0.4137,1.1859,0.2209,0.0,0.4137,-0.4137,0.0693,0.2939,-0.2246,0.8175,0.0519,0.7656,0.0457,0.9615,-0.9158,0.3569,0.4114,-0.0545,1.1859,0.2209,0.9651
28987,2526,PL,2026-01-06,WHU,NOT,1,2,28,3.0326,0.5363,45-60_to_60-75,0,0.0985,0.0528,0.6355,0.7612,0.0985,0.0528,0.0456,0.5348,0.0606,0.4742,0.0572,0.0795,-0.0223,0.0569,0.2615,-0.2046,0.3829,0.0512,0.3317,0.6355,0.7612,-0.1257
28988,2526,PL,2026-01-18,AVL,EVE,0,1,27,1.6672,0.6293,45-60_to_60-75,5,0.118,0.0776,0.1198,0.0,0.118,0.0776,0.0405,0.0,0.1172,-0.1172,0.2997,0.0579,0.2417,0.1238,0.509,-0.3852,0.244,0.0,0.244,0.1198,0.0,0.1198
28989,2526,PL,2026-01-19,BRI,BOU,1,1,29,2.6936,1.1478,30-45_to_45-60,1,0.0746,0.2009,0.3861,0.0,0.0746,0.2009,-0.1263,0.0,0.0,0.0,0.2585,1.3195,-1.0609,0.2179,0.131,0.0869,0.0587,0.0464,0.0123,0.3861,0.0,0.3861
28990,2526,PL,2026-01-17,CHE,BRE,2,0,21,3.0978,0.7804,60-75_to_75-90plus,5,0.0397,0.1638,0.8546,0.1939,0.0397,0.1638,-0.1241,0.061,0.0184,0.0426,0.6673,0.5025,0.1649,0.0,0.4769,-0.4769,0.0,0.1197,-0.1197,0.8546,0.1939,0.6607
28991,2526,PL,2026-01-17,LED,FLH,1,0,22,2.4278,0.9391,60-75_to_75-90plus,2,0.1138,0.0517,1.0816,0.0178,0.1138,0.0517,0.0621,0.3123,0.0,0.3123,0.0,0.1258,-0.1258,0.473,0.0,0.473,0.1882,0.0635,0.1247,1.0816,0.0178,1.0638
28992,2526,PL,2026-01-17,LIV,BUR,1,1,39,4.0545,1.0697,15-30_to_30-45,1,0.1018,0.0167,1.1071,0.2227,0.1018,0.0167,0.0851,0.1145,0.0791,0.0354,1.105,0.0,1.105,1.0109,0.0947,0.9162,0.0672,0.1349,-0.0677,1.1071,0.2227,0.8843
28993,2526,PL,2026-01-17,MUN,MCI,2,0,18,3.481,0.5766,30-45_to_45-60,0,0.4412,0.0622,0.8997,0.0567,0.4412,0.0622,0.379,0.1636,0.0,0.1636,0.0,0.1098,-0.1098,0.6252,0.1584,0.4669,0.9642,0.0,0.9642,0.8997,0.0567,0.843
28994,2526,PL,2026-01-17,NOT,ARS,0,0,21,3.2004,1.6371,45-60_to_60-75,2,0.1333,0.0944,0.038,0.1649,0.1333,0.0944,0.0388,0.0,0.7817,-0.7817,0.0416,0.1027,-0.0611,0.0628,0.0605,0.0023,0.0429,1.6777,-1.6348,0.038,0.1649,-0.1269
28995,2526,PL,2026-01-17,SUN,CRY,2,1,19,3.1509,1.1075,60-75_to_75-90plus,5,0.0395,0.4581,1.2064,0.0153,0.0395,0.4581,-0.4186,0.2067,0.098,0.1087,0.3798,0.5284,-0.1486,0.0833,0.0519,0.0314,0.0836,0.0,0.0836,1.2064,0.0153,1.1911
28996,2526,PL,2026-01-17,TOT,WHU,1,2,38,4.6342,1.2055,60-75_to_75-90plus,3,0.1298,0.1845,0.1303,1.0271,0.1298,0.1845,-0.0548,0.8417,0.5702,0.2715,0.0656,0.5554,-0.4898,0.1265,0.278,-0.1515,0.5169,0.2082,0.3087,0.1303,1.0271,-0.8968
28997,2526,PL,2026-01-18,WOL,NEW,0,0,18,1.2064,0.2338,60-75_to_75-90plus,0,0.0,0.1113,0.0684,0.3539,0.0,0.1113,-0.1113,0.0947,0.0541,0.0406,0.1301,0.2273,-0.0972,0.097,0.0179,0.0791,0.0,0.0517,-0.0517,0.0684,0.3539,-0.2855
28998,2526,PL,2026-01-24,BOU,LIV,3,2,26,4.5901,1.9795,60-75_to_75-90plus,1,0.0,0.0483,2.3705,0.182,0.0,0.0483,-0.0483,0.6426,0.0,0.6426,0.3217,0.4893,-0.1676,0.0,0.1088,-0.1088,0.3181,0.109,0.209,2.3705,0.182,2.1885
28999,2526,PL,2026-01-25,ARS,MUN,2,3,26,2.065,0.619,60-75_to_75-90plus,4,0.1977,0.0,0.7666,0.028,0.1977,0.0,0.1977,0.1999,0.0376,0.1622,0.0835,0.3953,-0.3118,0.0569,0.18,-0.1231,0.1196,0.0,0.1196,0.7666,0.028,0.7386
29000,2526,PL,2026-01-25,BRE,NOT,0,2,17,3.3937,0.6437,15-30_to_30-45,0,0.57,0.1905,0.6136,0.9748,0.57,0.1905,0.3795,0.0,0.1194,-0.1194,0.629,0.1048,0.5242,0.1915,0.0,0.1915,0.0,0.0,0.0,0.6136,0.9748,-0.3613
29001,2526,PL,2026-01-24,BUR,TOT,2,2,27,4.3129,0.4656,45-60_to_60-75,0,0.0393,0.0552,0.841,0.8249,0.0393,0.0552,-0.0159,0.0,0.0853,-0.0853,0.5366,0.8313,-0.2947,0.2926,0.7824,-0.4898,0.0,0.0242,-0.0242,0.841,0.8249,0.0161
29002,2526,PL,2026-01-25,CRY,CHE,1,3,23,5.5631,2.1875,60-75_to_75-90plus,1,0.3893,0.095,1.473,0.0,0.3893,0.095,0.2943,0.5304,0.2594,0.2709,0.0334,0.8754,-0.842,0.0,1.0993,-1.0993,0.0466,0.7612,-0.7145,1.473,0.0,1.473
29003,2526,PL,2026-01-26,EVE,LED,1,1,24,2.584,0.7853,30-45_to_45-60,1,0.1075,0.3832,0.497,0.14,0.1075,0.3832,-0.2757,0.0,0.3689,-0.3689,0.0832,0.7364,-0.6532,0.1321,0.0,0.1321,0.0702,0.0656,0.0046,0.497,0.14,0.357
29004,2526,PL,2026-01-24,FLH,BRI,2,1,25,3.1619,0.9516,45-60_to_60-75,1,0.0329,0.0,0.1062,0.5146,0.0329,0.0,0.0329,0.6291,0.6095,0.0196,0.0,0.0711,-0.0711,0.0836,0.7944,-0.7108,0.2806,0.0398,0.2407,0.1062,0.5146,-0.4084
29005,2526,PL,2026-01-24,MCI,WOL,2,0,22,1.6081,0.4561,0-15_to_15-30,0,0.5354,0.0,0.1045,0.3056,0.5354,0.0,0.5354,0.1069,0.0276,0.0793,0.1459,0.0155,0.1304,0.1319,0.0713,0.0607,0.0407,0.1226,-0.0819,0.1045,0.3056,-0.2011
29006,2526,PL,2026-01-25,NEW,AVL,0,2,29,3.2794,1.454,45-60_to_60-75,2,0.3433,0.4386,0.0983,0.5601,0.3433,0.4386,-0.0954,0.0,0.1004,-0.1004,0.0882,0.1045,-0.0163,1.4041,0.0219,1.3822,0.0242,0.0959,-0.0718,0.0983,0.5601,-0.4618
29007,2526,PL,2026-01-24,WHU,SUN,3,1,20,2.924,1.019,0-15_to_15-30,1,0.4091,0.3027,0.118,0.0413,0.4091,0.3027,0.1063,1.1355,0.0102,1.1253,0.4904,0.0,0.4904,0.0191,0.041,-0.022,0.0381,0.3186,-0.2805,0.118,0.0413,0.0767
29008,2526,PL,2026-02-01,AVL,BRE,0,1,33,2.4734,0.4287,15-30_to_30-45,1,0.3015,0.0353,0.5118,0.0,0.3015,0.0353,0.2663,0.1022,0.0454,0.0568,0.4937,0.0082,0.4855,0.4689,0.1838,0.2851,0.2804,0.0423,0.2381,0.5118,0.0,0.5118
29009,2526,PL,2026-01-31,CHE,WHU,3,2,25,4.9132,1.3618,45-60_to_60-75,1,0.0848,0.2794,0.6964,0.5888,0.0848,0.2794,-0.1946,0.0501,0.0,0.0501,0.1852,0.2061,-0.0209,0.6519,0.5731,0.0788,1.519,0.0784,1.4406,0.6964,0.5888,0.1076
29010,2526,PL,2026-01-31,BRI,EVE,1,1,18,2.7591,0.8111,15-30_to_30-45,0,0.3903,0.0,0.0394,0.7609,0.3903,0.0,0.3903,0.8111,0.0,0.8111,0.0,0.0,0.0,0.0,0.0615,-0.0615,0.1986,0.4973,-0.2987,0.0394,0.7609,-0.7215
29011,2526,PL,2026-02-02,SUN,BUR,3,0,20,2.0949,0.8402,45-60_to_60-75,0,0.1161,0.0,0.3467,0.0113,0.1161,0.0,0.1161,0.1064,0.0,0.1064,0.4297,0.0095,0.4202,0.1032,0.0913,0.0119,0.8664,0.0143,0.8521,0.3467,0.0113,0.3354
29012,2526,PL,2026-02-01,MUN,FLH,3,2,27,3.5978,1.3586,60-75_to_75-90plus,5,0.0718,0.4133,0.0645,0.92,0.0718,0.4133,-0.3415,0.4797,0.0,0.4797,0.0,0.1161,-0.1161,0.6856,0.1974,0.4883,0.5763,0.0732,0.5031,0.0645,0.92,-0.8555
29013,2526,PL,2026-02-01,NOT,CRY,1,1,23,2.6429,0.9626,45-60_to_60-75,2,0.4818,0.2637,0.1831,0.0136,0.4818,0.2637,0.2181,0.09,0.0323,0.0576,0.0,0.359,-0.359,0.0432,0.9018,-0.8586,0.1892,0.0851,0.104,0.1831,0.0136,0.1695
29014,2526,PL,2026-01-31,LIV,NEW,4,1,25,3.3841,1.2008,15-30_to_30-45,2,0.0,0.0,0.6011,0.035,0.0,0.0,0.0,0.0296,0.0857,-0.0561,1.3083,0.1637,1.1447,0.5019,0.0,0.5019,0.6588,0.0,0.6588,0.6011,0.035,0.5661
29015,2526,PL,2026-01-31,LED,ARS,0,4,18,3.7249,1.2001,60-75_to_75-90plus,1,0.0154,0.0257,0.0509,1.8686,0.0154,0.0257,-0.0103,0.0,0.329,-0.329,0.0,0.0,0.0,0.1124,0.7054,-0.5929,0.0,0.6176,-0.6176,0.0509,1.8686,-1.8177
29016,2526,PL,2026-02-01,TOT,MCI,2,2,27,3.553,0.8634,30-45_to_45-60,0,0.0,0.1286,0.5809,0.9957,0.0,0.1286,-0.1286,0.0556,0.3002,-0.2446,0.0645,0.4314,-0.3669,0.5842,0.0877,0.4965,0.2121,0.1119,0.1002,0.5809,0.9957,-0.4148
29017,2526,PL,2026-01-31,WOL,BOU,0,2,26,3.7087,0.9768,45-60_to_60-75,5,0.0,0.0109,0.9962,0.8407,0.0,0.0109,-0.0109,0.088,0.0428,0.0452,0.0,0.5491,-0.5491,0.102,0.1476,-0.0455,0.9313,0.0,0.9313,0.9962,0.8407,0.1555
29018,2526,PL,2026-02-07,BOU,AVL,1,1,27,2.4926,1.0506,0-15_to_15-30,0,0.9468,0.0,0.2887,0.0224,0.9468,0.0,0.9468,0.141,0.2448,-0.1038,0.1987,0.0759,0.1228,0.1601,0.0965,0.0636,0.1108,0.2068,-0.0961,0.2887,0.0224,0.2662
29019,2526,PL,2026-02-07,ARS,SUN,3,0,21,1.6212,0.3568,0-15_to_15-30,2,0.1047,0.3508,0.5298,0.0169,0.1047,0.3508,-0.2461,0.1187,0.008,0.1107,0.0642,0.0,0.0642,0.1842,0.0516,0.1326,0.1923,0.0,0.1923,0.5298,0.0169,0.5129
29020,2526,PL,2026-02-08,BRI,CRY,0,1,14,1.6774,0.656,45-60_to_60-75,1,0.054,0.0,0.0,0.1306,0.054,0.0,0.054,0.0779,0.0,0.0779,0.5679,0.0926,0.4753,0.0,0.0,0.0,0.0492,0.7052,-0.656,0.0,0.1306,-0.1306
29021,2526,PL,2026-02-07,BUR,WHU,0,2,24,3.0153,1.3337,45-60_to_60-75,1,0.0269,0.6078,0.0642,0.0268,0.0269,0.6078,-0.5808,0.0,0.3835,-0.3835,0.3281,0.0,0.3281,1.4559,0.1042,1.3516,0.0179,0.0,0.0179,0.0642,0.0268,0.0373
29022,2526,PL,2026-02-07,FLH,EVE,1,2,31,4.089,0.8454,60-75_to_75-90plus,1,0.4353,0.1709,0.1095,0.0595,0.4353,0.1709,0.2644,0.7574,0.0898,0.6677,0.899,0.6152,0.2838,0.0,0.157,-0.157,0.0,0.7954,-0.7954,0.1095,0.0595,0.05
29023,2526,PL,2026-02-06,LED,NOT,3,1,30,5.2619,1.9056,60-75_to_75-90plus,2,0.156,0.2646,0.0,1.1654,0.156,0.2646,-0.1087,1.8428,0.0567,1.7862,0.0,0.1016,-0.1016,0.7828,0.0,0.7828,0.8161,0.0759,0.7402,0.0,1.1654,-1.1654
29024,2526,PL,2026-02-08,LIV,MCI,1,2,31,3.6813,1.4427,60-75_to_75-90plus,2,0.0,0.5941,0.1991,1.4608,0.0,0.5941,-0.5941,0.0767,0.1858,-0.1091,0.0324,0.1146,-0.0823,0.7617,0.0437,0.718,0.1967,0.0158,0.1809,0.1991,1.4608,-1.2617
29025,2526,PL,2026-02-07,MUN,TOT,2,0,30,2.7606,0.9112,60-75_to_75-90plus,2,0.1433,0.3514,1.1339,0.0304,0.1433,0.3514,-0.2082,0.1714,0.1949,-0.0235,0.4088,0.0,0.4088,0.1169,0.0172,0.0996,0.1924,0.0,0.1924,1.1339,0.0304,1.1036
29026,2526,PL,2026-02-07,NEW,BRE,2,3,27,4.99,1.2966,15-30_to_30-45,0,0.6138,0.0,1.4401,0.23,0.6138,0.0,0.6138,0.8712,0.0325,0.8387,0.0,0.4579,-0.4579,0.2863,0.8379,-0.5516,0.1284,0.092,0.0365,1.4401,0.23,1.2101
29027,2526,PL,2026-02-07,WOL,CHE,1,3,26,4.8797,2.4041,30-45_to_45-60,1,0.1147,0.773,0.1743,0.561,0.1147,0.773,-0.6584,0.0,0.6357,-0.6357,0.0,1.7183,-1.7183,0.7637,0.0779,0.6857,0.0611,0.0,0.0611,0.1743,0.561,-0.3867
29028,2526,PL,2026-02-11,AVL,BRI,1,0,25,1.0629,0.3252,30-45_to_45-60,2,0.0862,0.0,0.1242,0.0739,0.0862,0.0,0.0862,0.1674,0.0133,0.1541,0.146,0.0,0.146,0.0145,0.1937,-0.1792,0.0433,0.2004,-0.157,0.1242,0.0739,0.0503
29029,2526,PL,2026-02-12,BRE,ARS,1,1,19,2.5957,0.5886,45-60_to_60-75,1,0.0,0.0938,0.5953,0.3109,0.0,0.0938,-0.0938,0.492,0.0,0.492,0.0798,0.0,0.0798,0.0788,0.2407,-0.1619,0.5655,0.1388,0.4267,0.5953,0.3109,0.2844
29030,2526,PL,2026-02-10,CHE,LED,2,2,23,4.505,2.3593,60-75_to_75-90plus,1,0.0,0.008,1.3106,0.017,0.0,0.008,-0.008,0.6103,0.0,0.6103,0.1647,0.0,0.1647,0.9309,0.0,0.9309,0.1989,1.2645,-1.0656,1.3106,0.017,1.2937
29031,2526,PL,2026-02-11,CRY,BUR,2,3,30,2.8284,0.5538,15-30_to_30-45,2,0.0434,0.0,0.3329,0.0698,0.0434,0.0,0.0434,0.3262,0.3771,-0.0509,0.6403,0.1373,0.503,0.2039,0.0334,0.1705,0.5904,0.0737,0.5167,0.3329,0.0698,0.2631
29032,2526,PL,2026-02-10,EVE,BOU,1,2,27,3.7632,1.7416,60-75_to_75-90plus,1,0.0,0.0282,0.5967,0.0,0.0,0.0282,-0.0282,0.6337,0.0,0.6337,0.8277,0.1506,0.6771,0.2374,0.0329,0.2045,0.0555,1.2003,-1.1448,0.5967,0.0,0.5967
29033,2526,PL,2026-02-11,MCI,FLH,3,0,27,2.7383,0.9711,15-30_to_30-45,0,0.3762,0.0,0.0,0.3846,0.3762,0.0,0.3762,0.9767,0.1325,0.8442,0.2641,0.391,-0.1269,0.0602,0.1251,-0.0648,0.0,0.028,-0.028,0.0,0.3846,-0.3846
29034,2526,PL,2026-02-11,NOT,WOL,0,0,42,4.1061,1.4333,60-75_to_75-90plus,0,0.612,0.0,1.8007,0.1713,0.612,0.0,0.612,0.1889,0.0412,0.1476,0.7206,0.1316,0.589,0.1507,0.047,0.1036,0.2191,0.0231,0.196,1.8007,0.1713,1.6293
29035,2526,PL,2026-02-11,SUN,LIV,0,1,34,3.8185,0.9145,15-30_to_30-45,2,0.0,0.0135,0.122,0.5198,0.0,0.0135,-0.0135,0.1152,0.1266,-0.0113,0.0224,0.9483,-0.9259,0.0412,0.2533,-0.2121,0.3929,1.2632,-0.8703,0.122,0.5198,-0.3978
29036,2526,PL,2026-02-10,TOT,NEW,1,2,37,4.2423,0.9214,45-60_to_60-75,0,0.0549,0.5742,0.1949,0.0,0.0549,0.5742,-0.5194,0.0632,0.3876,-0.3244,0.0501,0.0602,-0.0101,0.686,1.2479,-0.5619,0.6413,0.2818,0.3595,0.1949,0.0,0.1949
29037,2526,PL,2026-02-10,WHU,MUN,1,1,16,2.0432,0.6718,30-45_to_45-60,2,0.0397,0.0,0.5885,0.5174,0.0397,0.0,0.0397,0.0,0.119,-0.119,0.0,0.0602,-0.0602,0.6507,0.0391,0.6116,0.0286,0.0,0.0286,0.5885,0.5174,0.0711
29038,2526,PL,2026-02-21,AVL,LED,1,1,30,2.5355,0.9134,45-60_to_60-75,2,0.0,0.4089,0.2681,0.1969,0.0,0.4089,-0.4089,0.0422,0.0973,-0.055,0.2082,0.0798,0.1284,0.5902,0.0148,0.5755,0.1456,0.4835,-0.3379,0.2681,0.1969,0.0712
29039,2526,PL,2026-02-21,BRE,BRI,0,2,24,3.0635,0.9699,60-75_to_75-90plus,3,0.052,0.0372,0.9815,0.0,0.052,0.0372,0.0148,0.4007,0.5769,-0.1761,0.141,0.0363,0.1048,0.0888,0.7084,-0.6196,0.0261,0.0145,0.0116,0.9815,0.0,0.9815
29040,2526,PL,2026-02-21,CHE,BUR,1,1,24,3.5279,1.1643,60-75_to_75-90plus,0,1.0624,0.0549,0.1425,0.7826,1.0624,0.0549,1.0075,0.0151,0.0,0.0151,0.3905,0.1751,0.2154,0.3805,0.0,0.3805,0.5243,0.0,0.5243,0.1425,0.7826,-0.64
29041,2526,PL,2026-02-22,CRY,WOL,1,0,26,3.7576,1.1419,60-75_to_75-90plus,2,0.2132,0.0,1.2129,0.0805,0.2132,0.0,0.2132,0.0159,0.6359,-0.62,0.5205,0.9383,-0.4178,0.1176,0.0132,0.1043,0.0,0.0095,-0.0095,1.2129,0.0805,1.1324
29042,2526,PL,2026-02-23,EVE,MUN,0,1,23,2.0156,0.5635,30-45_to_45-60,1,0.0128,0.2064,0.2509,0.0,0.0128,0.2064,-0.1936,0.0,0.0519,-0.0519,0.0341,0.0484,-0.0143,0.111,0.6888,-0.5778,0.1522,0.4592,-0.307,0.2509,0.0,0.2509
29043,2526,PL,2026-02-21,MCI,NEW,2,1,28,2.7438,0.51,30-45_to_45-60,0,0.1046,0.0,0.7879,0.1671,0.1046,0.0,0.1046,0.6148,0.1906,0.4242,0.0137,0.0574,-0.0437,0.5043,0.038,0.4663,0.2105,0.0548,0.1556,0.7879,0.1671,0.6209
29044,2526,PL,2026-02-22,NOT,LIV,0,1,28,3.6415,1.653,60-75_to_75-90plus,3,0.3374,0.0408,0.1677,1.8079,0.3374,0.0408,0.2967,0.1656,0.0,0.1656,0.1696,0.0,0.1696,0.0458,0.8156,-0.7698,0.052,0.0391,0.0129,0.1677,1.8079,-1.6401
29045,2526,PL,2026-02-22,SUN,FLH,1,3,24,3.9413,0.7075,60-75_to_75-90plus,4,0.0,0.0,0.9522,0.6798,0.0,0.0,0.0,0.0566,0.1655,-0.1089,0.0126,0.0,0.0126,0.4134,0.574,-0.1606,0.3261,0.7612,-0.4351,0.9522,0.6798,0.2725
29046,2526,PL,2026-02-22,TOT,ARS,1,4,26,3.7003,0.4849,60-75_to_75-90plus,0,0.0,0.1632,0.1951,0.3728,0.0,0.1632,-0.1632,0.0623,0.5266,-0.4643,0.0794,1.0022,-0.9228,0.0465,0.5897,-0.5432,0.0,0.6626,-0.6626,0.1951,0.3728,-0.1777
29047,2526,PL,2026-02-21,WHU,BOU,0,0,30,2.9128,0.7549,0-15_to_15-30,0,0.7997,0.0269,0.4899,0.0886,0.7997,0.0269,0.7728,0.0179,0.0,0.0179,0.117,0.0157,0.1013,0.0287,0.0,0.0287,0.9369,0.3915,0.5454,0.4899,0.0886,0.4012
29048,2526,PL,2026-02-28,BOU,SUN,1,1,29,2.9344,0.5928,45-60_to_60-75,3,0.0658,0.0457,0.5073,0.1676,0.0658,0.0457,0.0201,0.4561,0.7047,-0.2487,0.1263,0.0232,0.1031,0.1224,0.1607,-0.0382,0.5546,0.0,0.5546,0.5073,0.1676,0.3397
29049,2526,PL,2026-03-01,ARS,CHE,2,1,22,3.0687,1.1466,45-60_to_60-75,5,0.105,0.5881,0.1018,0.0234,0.105,0.5881,-0.4831,0.5843,0.0,0.5843,0.3359,0.1014,0.2345,0.0411,0.6398,-0.5987,0.5479,0.0,0.5479,0.1018,0.0234,0.0784
29050,2526,PL,2026-03-01,BRI,NOT,2,1,27,2.0406,0.4502,60-75_to_75-90plus,1,0.1662,0.0438,0.0242,0.5381,0.1662,0.0438,0.1223,0.4796,0.0,0.4796,0.3235,0.025,0.2984,0.183,0.1441,0.0389,0.0247,0.0885,-0.0638,0.0242,0.5381,-0.5139
29051,2526,PL,2026-02-28,BUR,BRE,3,4,29,3.2698,1.211,30-45_to_45-60,1,0.0131,0.2501,0.0958,0.3157,0.0131,0.2501,-0.237,0.0959,0.6785,-0.5826,0.043,1.009,-0.966,0.3613,0.1163,0.245,0.2148,0.0763,0.1385,0.0958,0.3157,-0.22
29052,2526,PL,2026-03-01,FLH,TOT,2,1,31,3.2831,0.9713,30-45_to_45-60,0,0.7475,0.0,0.3287,0.1719,0.7475,0.0,0.7475,0.0803,0.1994,-0.1191,0.0311,0.2576,-0.2264,0.7449,0.0,0.7449,0.3945,0.3273,0.0671,0.3287,0.1719,0.1567
29053,2526,PL,2026-02-28,LED,MCI,0,1,28,4.0941,1.0931,60-75_to_75-90plus,1,0.5006,0.0,0.0679,0.0,0.5006,0.0,0.5006,0.3223,0.0,0.3223,0.3321,0.9705,-0.6384,0.1553,0.7202,-0.5648,0.0,1.0252,-1.0252,0.0679,0.0,0.0679
29054,2526,PL,2026-02-28,LIV,WHU,5,2,30,3.4587,1.0456,60-75_to_75-90plus,4,0.0489,0.2313,0.8082,0.0863,0.0489,0.2313,-0.1823,0.1519,0.0247,0.1272,0.3982,0.0541,0.3442,0.528,0.4599,0.0681,0.1717,0.4955,-0.3237,0.8082,0.0863,0.7219
29055,2526,PL,2026-03-01,MUN,CRY,2,1,28,2.7308,0.4436,30-45_to_45-60,1,0.0086,0.1949,0.3693,0.054,0.0086,0.1949,-0.1863,0.0,0.0,0.0,0.3252,0.0,0.3252,0.8832,0.1144,0.7688,0.7598,0.0215,0.7383,0.3693,0.054,0.3153
29056,2526,PL,2026-02-28,NEW,EVE,2,3,26,3.5401,1.1731,60-75_to_75-90plus,2,0.0478,0.0521,0.1488,0.9595,0.0478,0.0521,-0.0042,0.0444,0.0559,-0.0115,0.0701,0.8952,-0.8251,0.112,0.125,-0.013,0.6959,0.3335,0.3624,0.1488,0.9595,-0.8108
29057,2526,PL,2026-02-27,WOL,AVL,2,0,23,2.9039,0.6514,0-15_to_15-30,6,0.4299,0.1321,0.7008,0.7409,0.4299,0.1321,0.2978,0.0,0.3536,-0.3536,0.0,0.0,0.0,0.0275,0.0799,-0.0524,0.3952,0.0441,0.3511,0.7008,0.7409,-0.0401
29058,2526,PL,2026-03-03,BOU,BRE,0,0,18,2.9941,1.4205,45-60_to_60-75,0,0.0,0.0,0.7,0.2644,0.0,0.0,0.0,0.0589,0.024,0.0349,0.4624,0.0359,0.4265,1.0854,0.0,1.0854,0.014,0.3491,-0.3351,0.7,0.2644,0.4356
29059,2526,PL,2026-03-04,AVL,CHE,1,4,24,4.4574,0.7263,60-75_to_75-90plus,1,0.1449,0.3112,0.4379,0.4527,0.1449,0.3112,-0.1663,0.0629,0.326,-0.2631,0.3644,0.8979,-0.5335,0.0584,0.66,-0.6016,0.0,0.7411,-0.7411,0.4379,0.4527,-0.0147
29060,2526,PL,2026-03-04,BRI,ARS,0,1,18,1.434,0.2953,60-75_to_75-90plus,2,0.2769,0.0263,0.0,0.1292,0.2769,0.0263,0.2505,0.0763,0.0,0.0763,0.0863,0.0,0.0863,0.1149,0.1606,-0.0457,0.3649,0.1987,0.1662,0.0,0.1292,-0.1292
29061,2526,PL,2026-03-03,EVE,BUR,2,0,19,1.923,0.7451,45-60_to_60-75,1,0.0345,0.1255,0.0288,0.6368,0.0345,0.1255,-0.091,0.0862,0.0,0.0862,0.1959,0.0,0.1959,0.7803,0.0,0.7803,0.0352,0.0,0.0352,0.0288,0.6368,-0.608
29062,2526,PL,2026-03-04,FLH,WHU,0,1,22,2.1234,0.5713,30-45_to_45-60,2,0.1565,0.1112,0.1443,0.0219,0.1565,0.1112,0.0452,0.0526,0.0,0.0526,0.0,0.1529,-0.1529,0.2001,0.9244,-0.7242,0.0747,0.2848,-0.2101,0.1443,0.0219,0.1223
29063,2526,PL,2026-03-03,LED,SUN,0,1,21,1.7389,1.2605,60-75_to_75-90plus,2,0.0971,0.0,0.4535,0.0,0.0971,0.0,0.0971,0.0,0.0,0.0,0.2456,0.0124,0.2332,0.0744,0.0,0.0744,0.0244,0.8314,-0.807,0.4535,0.0,0.4535
29064,2526,PL,2026-03-04,MCI,NOT,2,2,30,4.0932,1.0585,30-45_to_45-60,3,0.0425,0.1149,0.9783,0.3601,0.0425,0.1149,-0.0724,0.1632,0.1045,0.0587,0.7881,0.0287,0.7594,0.3322,0.6313,-0.2991,0.5494,0.0,0.5494,0.9783,0.3601,0.6183
29065,2526,PL,2026-03-04,NEW,MUN,2,1,26,3.7916,0.6534,30-45_to_45-60,2,0.2413,0.0616,0.2221,0.4667,0.2413,0.0616,0.1797,0.0308,0.106,-0.0752,0.1992,0.4896,-0.2904,0.795,0.432,0.363,0.478,0.2693,0.2088,0.2221,0.4667,-0.2446
29066,2526,PL,2026-03-05,TOT,CRY,1,3,21,3.214,0.5391,45-60_to_60-75,2,0.108,0.1511,0.1447,0.173,0.108,0.1511,-0.0431,0.0,0.0,0.0,0.7034,0.7612,-0.0577,0.265,0.7782,-0.5131,0.0777,0.0517,0.026,0.1447,0.173,-0.0283
29067,2526,PL,2026-03-03,WOL,LIV,2,1,23,2.8082,0.892,45-60_to_60-75,0,0.0,0.1121,0.636,0.9197,0.0,0.1121,-0.1121,0.0,0.0418,-0.0418,0.0,0.0929,-0.0929,0.0,0.9488,-0.9488,0.0,0.0568,-0.0568,0.636,0.9197,-0.2837
29068,2526,PL,2026-03-14,ARS,EVE,2,0,34,3.1016,1.1317,0-15_to_15-30,2,0.2966,0.0,1.2368,0.0871,0.2966,0.0,0.2966,0.0,0.8351,-0.8351,0.1939,0.0566,0.1373,0.1408,0.1837,-0.0429,0.0448,0.0262,0.0187,1.2368,0.0871,1.1496
29069,2526,PL,2026-03-16,BRE,WOL,2,2,23,4.5974,1.7061,30-45_to_45-60,2,0.0998,0.1459,0.3449,0.9355,0.0998,0.1459,-0.0461,0.8704,0.0,0.8704,1.3423,0.1259,1.2164,0.0669,0.5566,-0.4897,0.0722,0.0369,0.0353,0.3449,0.9355,-0.5906
29070,2526,PL,2026-03-14,BUR,BOU,0,0,37,4.0544,1.0325,0-15_to_15-30,3,0.0655,0.5517,0.0575,1.1656,0.0655,0.5517,-0.4863,0.5622,0.0159,0.5463,0.2925,0.0827,0.2098,0.7056,0.2157,0.4899,0.0,0.3394,-0.3394,0.0575,1.1656,-1.1081
29071,2526,PL,2026-03-14,CHE,NEW,0,1,29,2.7576,0.6782,0-15_to_15-30,2,0.2189,0.0,0.7517,0.0365,0.2189,0.0,0.2189,0.2323,0.6917,-0.4593,0.1231,0.122,0.0011,0.2035,0.1127,0.0908,0.1956,0.0697,0.1259,0.7517,0.0365,0.7152
29072,2526,PL,2026-03-15,CRY,LED,0,0,22,1.6616,0.8736,30-45_to_45-60,2,0.0658,0.0696,0.1605,0.0113,0.0658,0.0696,-0.0038,0.149,0.1557,-0.0067,0.0,0.8509,-0.8509,0.0709,0.0481,0.0228,0.0797,0.0,0.0797,0.1605,0.0113,0.1492
29073,2526,PL,2026-03-15,LIV,TOT,1,1,30,2.4571,0.2826,45-60_to_60-75,4,0.0642,0.0115,0.4398,0.4679,0.0642,0.0115,0.0527,0.1243,0.0173,0.107,0.1987,0.3441,-0.1454,0.1261,0.1883,-0.0622,0.3476,0.1273,0.2204,0.4398,0.4679,-0.0281
29074,2526,PL,2026-03-15,MUN,AVL,3,1,25,2.8889,0.5091,30-45_to_45-60,5,0.0,0.0705,0.6018,0.0237,0.0,0.0705,-0.0705,0.0548,0.0458,0.009,0.1747,0.0,0.1747,0.2097,0.544,-0.3343,0.6372,0.5268,0.1104,0.6018,0.0237,0.5781
29075,2526,PL,2026-03-15,NOT,FLH,0,0,16,1.755,0.8684,30-45_to_45-60,1,0.1025,0.0,0.4577,0.0,0.1025,0.0,0.1025,0.0421,0.0,0.0421,0.1702,0.0485,0.1216,0.0486,0.7954,-0.7468,0.0,0.0901,-0.0901,0.4577,0.0,0.4577
29076,2526,PL,2026-03-14,SUN,BRI,0,1,26,1.7874,0.3379,15-30_to_30-45,0,0.0895,0.4994,0.1179,0.0,0.0895,0.4994,-0.4099,0.1187,0.2738,-0.1551,0.1828,0.0,0.1828,0.0586,0.0681,-0.0095,0.0916,0.2871,-0.1955,0.1179,0.0,0.1179
29077,2526,PL,2026-03-14,WHU,MCI,1,1,26,2.5028,0.5504,60-75_to_75-90plus,2,0.0,0.0731,0.0,1.1046,0.0,0.0731,-0.0731,0.0,0.0902,-0.0902,0.489,0.1242,0.3648,0.0,0.0677,-0.0677,0.0,0.5541,-0.5541,0.0,1.1046,-1.1046
29078,2526,PL,2026-03-20,BOU,MUN,2,2,31,3.5124,1.6039,60-75_to_75-90plus,4,0.0816,0.1584,0.9703,0.0178,0.0816,0.1584,-0.0768,0.4686,0.3715,0.0971,0.0555,0.3509,-0.2954,0.0808,0.086,-0.0052,0.1098,0.7612,-0.6514,0.9703,0.0178,0.9525
29079,2526,PL,2026-03-22,AVL,WHU,2,0,32,3.3456,0.9936,60-75_to_75-90plus,0,0.0812,0.0,0.0105,0.2355,0.0812,0.0,0.0812,0.507,0.0526,0.4544,0.8893,0.0234,0.8658,0.2599,0.3794,-0.1195,0.8377,0.0691,0.7686,0.0105,0.2355,-0.225
29080,2526,PL,2026-03-21,BRI,LIV,2,1,28,4.4014,0.911,30-45_to_45-60,1,0.6035,0.0564,0.4728,0.1657,0.6035,0.0564,0.5471,0.4774,0.5474,-0.07,0.061,0.0,0.061,1.0344,0.0623,0.972,0.7954,0.125,0.6704,0.4728,0.1657,0.3071
29081,2526,PL,2026-03-21,EVE,CHE,3,0,22,2.7968,0.7734,0-15_to_15-30,3,0.5415,0.0194,0.2888,0.0153,0.5415,0.0194,0.522,0.0264,0.2778,-0.2514,0.3299,0.7788,-0.4489,0.0119,0.0,0.0119,0.2468,0.2601,-0.0133,0.2888,0.0153,0.2735
29082,2526,PL,2026-03-21,FLH,BUR,3,1,31,5.4999,1.261,60-75_to_75-90plus,1,0.0507,0.5016,1.5682,0.143,0.0507,0.5016,-0.4509,0.2663,0.4648,-0.1985,0.0886,0.0,0.0886,0.9208,0.3007,0.6201,0.6797,0.5155,0.1642,1.5682,0.143,1.4252
29083,2526,PL,2026-03-21,LED,BRE,0,0,20,0.7195,0.1069,45-60_to_60-75,5,0.0,0.0,0.1212,0.0773,0.0,0.0,0.0,0.1201,0.0806,0.0395,0.0452,0.0092,0.036,0.0795,0.1352,-0.0557,0.0513,0.0,0.0513,0.1212,0.0773,0.0439
29084,2526,PL,2026-05-13,MCI,CRY,3,0,21,2.3856,0.752,15-30_to_30-45,2,0.1445,0.1562,0.6642,0.1824,0.1445,0.1562,-0.0117,0.0944,0.0,0.0944,0.9023,0.0559,0.8464,0.1514,0.0,0.1514,0.0,0.0343,-0.0343,0.6642,0.1824,0.4818
29085,2526,PL,2026-03-22,NEW,SUN,1,2,33,4.0643,1.1408,30-45_to_45-60,1,0.5013,0.037,0.208,1.3272,0.5013,0.037,0.4643,0.0148,0.0689,-0.0541,0.2645,0.0993,0.1652,0.0591,1.0347,-0.9756,0.2194,0.2302,-0.0108,0.208,1.3272,-1.1192
29086,2526,PL,2026-03-22,TOT,NOT,0,3,22,3.223,0.4454,0-15_to_15-30,4,0.4383,0.0,0.6178,0.6335,0.4383,0.0,0.4383,0.0161,0.0231,-0.0071,0.0,0.1972,-0.1972,0.1891,0.2057,-0.0166,0.4177,0.4846,-0.0669,0.6178,0.6335,-0.0157
29087,2526,PL,2026-02-18,WOL,ARS,2,2,15,2.206,0.5728,15-30_to_30-45,0,0.0,0.5784,0.0828,0.1217,0.0,0.5784,-0.5784,0.0,0.742,-0.742,0.0,0.1692,-0.1692,0.0545,0.3835,-0.329,0.0358,0.0382,-0.0024,0.0828,0.1217,-0.0389
29088,2526,PL,2026-04-13,MUN,LED,1,2,35,4.3197,1.5108,30-45_to_45-60,0,0.0177,0.6549,0.4875,0.445,0.0177,0.6549,-0.6373,0.1518,0.3635,-0.2118,0.0502,1.3696,-1.3194,0.3095,0.1181,0.1914,0.3518,0.0,0.3518,0.4875,0.445,0.0425
29089,2526,PL,2026-04-12,NOT,AVL,1,1,28,2.2182,0.3358,60-75_to_75-90plus,6,0.073,0.0342,0.0922,0.6175,0.073,0.0342,0.0388,0.0,0.066,-0.066,0.2197,0.086,0.1337,0.114,0.0133,0.1008,0.3564,0.5459,-0.1895,0.0922,0.6175,-0.5254
29090,2526,PL,2026-04-12,SUN,TOT,1,0,24,2.7918,1.0272,0-15_to_15-30,1,0.0,0.1032,0.4357,0.1604,0.0,0.1032,-0.1032,0.9451,0.0212,0.924,0.1612,0.1992,-0.038,0.2086,0.5319,-0.3233,0.0252,0.0,0.0252,0.4357,0.1604,0.2753
29091,2526,PL,2026-04-10,WHU,WOL,4,0,32,3.1158,0.5986,60-75_to_75-90plus,1,0.2934,0.0239,1.0204,0.0886,0.2934,0.0239,0.2694,0.1314,0.1511,-0.0197,0.4446,0.1105,0.3341,0.3058,0.1828,0.1229,0.3482,0.015,0.3332,1.0204,0.0886,0.9318
29092,2526,PL,2026-04-11,ARS,BOU,1,2,23,4.56,1.1709,45-60_to_60-75,1,0.0,0.0,0.7431,0.0204,0.0,0.0,0.0,0.5464,0.8665,-0.3201,0.8393,0.0605,0.7788,0.8791,0.0,0.8791,0.1565,0.4483,-0.2918,0.7431,0.0204,0.7226
29093,2526,PL,2026-04-11,BRE,EVE,2,2,31,3.8587,1.2904,0-15_to_15-30,0,0.7612,0.044,0.3242,0.2017,0.7612,0.044,0.7172,0.0,0.5732,-0.5732,0.5109,0.0618,0.4491,0.623,0.0,0.623,0.0656,0.6933,-0.6277,0.3242,0.2017,0.1225
29094,2526,PL,2026-04-11,BUR,BRI,0,2,23,1.8838,0.5564,0-15_to_15-30,4,0.5197,0.1107,0.0272,0.0971,0.5197,0.1107,0.4089,0.0205,0.168,-0.1475,0.0,0.1154,-0.1154,0.2447,0.3189,-0.0742,0.0,0.2617,-0.2617,0.0272,0.0971,-0.0699
29095,2526,PL,2026-04-12,CHE,MCI,0,3,30,3.6358,0.6835,30-45_to_45-60,3,0.2336,0.0,0.5359,0.2516,0.2336,0.0,0.2336,0.0484,0.1636,-0.1153,0.0,0.2908,-0.2908,0.174,1.1483,-0.9743,0.2292,0.5604,-0.3311,0.5359,0.2516,0.2843
29096,2526,PL,2026-04-12,CRY,NEW,2,1,18,4.4163,1.2865,45-60_to_60-75,3,0.0,0.0683,1.2262,0.0,0.0,0.0683,-0.0683,0.0,0.0723,-0.0723,1.0528,0.6121,0.4408,0.0204,0.4917,-0.4713,0.8439,0.0287,0.8152,1.2262,0.0,1.2262
29097,2526,PL,2026-04-11,LIV,FLH,2,0,37,3.4356,0.9145,45-60_to_60-75,1,0.1814,0.0721,0.2842,0.4899,0.1814,0.0721,0.1093,0.5838,0.0462,0.5376,0.2941,0.1013,0.1929,0.6034,0.166,0.4374,0.0682,0.5453,-0.4771,0.2842,0.4899,-0.2057
29098,2526,PL,2026-04-19,AVL,SUN,4,3,25,5.4961,1.1018,60-75_to_75-90plus,0,1.0577,0.1207,0.7456,1.3018,1.0577,0.1207,0.9369,0.0,0.0,0.0,0.5784,0.0685,0.5099,0.9397,0.0,0.9397,0.6146,0.069,0.5456,0.7456,1.3018,-0.5562
29099,2526,PL,2026-04-18,BRE,FLH,0,0,23,3.1262,0.5908,60-75_to_75-90plus,0,0.465,0.0522,1.2102,0.3435,0.465,0.0522,0.4128,0.0329,0.0601,-0.0272,0.0992,0.1692,-0.07,0.1337,0.0471,0.0866,0.3945,0.1186,0.2759,1.2102,0.3435,0.8667
29100,2526,PL,2026-04-18,CHE,MUN,0,1,25,1.7218,0.4067,60-75_to_75-90plus,1,0.1126,0.017,0.1088,0.0,0.1126,0.017,0.0956,0.172,0.0,0.172,0.1786,0.3465,-0.1679,0.1983,0.0725,0.1258,0.5155,0.0,0.5155,0.1088,0.0,0.1088
29101,2526,PL,2026-04-20,CRY,WHU,0,0,18,1.3559,0.5143,15-30_to_30-45,2,0.0766,0.1004,0.0905,0.0355,0.0766,0.1004,-0.0238,0.4067,0.1261,0.2806,0.0429,0.2766,-0.2337,0.1168,0.0736,0.0432,0.0,0.0103,-0.0103,0.0905,0.0355,0.0551
29102,2526,PL,2026-04-19,EVE,LIV,1,2,24,2.8617,0.7273,60-75_to_75-90plus,2,0.0426,0.0,0.014,0.6471,0.0426,0.0,0.0426,0.5872,0.5251,0.062,0.0,0.032,-0.032,0.7086,0.1473,0.5613,0.126,0.0318,0.0942,0.014,0.6471,-0.6331
29103,2526,PL,2026-04-18,LED,WOL,3,0,24,4.2983,1.2675,15-30_to_30-45,0,1.1757,0.0,0.9709,0.0,1.1757,0.0,1.1757,1.4587,0.2028,1.2559,0.0227,0.0343,-0.0116,0.0,0.0785,-0.0785,0.0913,0.2633,-0.172,0.9709,0.0,0.9709
29104,2526,PL,2026-04-19,MCI,ARS,2,1,24,5.4514,0.3485,30-45_to_45-60,0,0.6079,0.1979,0.0,0.3124,0.6079,0.1979,0.41,0.5524,0.407,0.1454,0.1317,0.0,0.1317,0.9326,1.1493,-0.2168,0.5967,0.5634,0.0333,0.0,0.3124,-0.3124
29105,2526,PL,2026-04-18,NEW,BOU,1,2,24,5.1419,1.3489,30-45_to_45-60,2,0.2062,0.1034,0.8227,1.1025,0.2062,0.1034,0.1029,0.0,0.5632,-0.5632,0.1607,1.6169,-1.4562,0.0,0.1073,-0.1073,0.4431,0.016,0.4272,0.8227,1.1025,-0.2797
29106,2526,PL,2026-04-19,NOT,BUR,4,1,14,2.048,0.6938,45-60_to_60-75,3,0.0,0.0,0.5994,0.0375,0.0,0.0,0.0,0.0,0.0348,-0.0348,0.2557,0.0,0.2557,0.131,0.4467,-0.3157,0.4604,0.0824,0.3781,0.5994,0.0375,0.5619
29107,2526,PL,2026-04-18,TOT,BRI,2,2,23,2.7965,0.7974,30-45_to_45-60,2,0.0119,0.0,0.1692,0.5253,0.0119,0.0,0.0119,0.1559,0.0,0.1559,0.8547,0.3058,0.5489,0.0264,0.2749,-0.2485,0.4016,0.0708,0.3308,0.1692,0.5253,-0.3561
29108,2526,PL,2026-04-22,BOU,LED,2,2,28,3.1296,1.3389,45-60_to_60-75,0,0.0768,0.0,0.5933,0.5331,0.0768,0.0,0.0768,0.0407,0.0,0.0407,0.2169,0.033,0.1839,0.9521,0.1147,0.8374,0.0337,0.5352,-0.5015,0.5933,0.5331,0.0603
29109,2526,PL,2026-04-25,ARS,NEW,1,0,24,1.5081,0.4647,60-75_to_75-90plus,2,0.0445,0.0502,0.2705,0.5174,0.0445,0.0502,-0.0057,0.016,0.2232,-0.2072,0.0,0.0669,-0.0669,0.0792,0.0,0.0792,0.229,0.0112,0.2178,0.2705,0.5174,-0.2469
29110,2526,PL,2026-04-21,BRI,CHE,3,0,21,2.8157,0.7024,15-30_to_30-45,0,0.4784,0.0,0.4736,0.1317,0.4784,0.0,0.4784,0.6861,0.0,0.6861,0.0,0.0163,-0.0163,0.558,0.0268,0.5312,0.3217,0.1231,0.1986,0.4736,0.1317,0.3419
29111,2526,PL,2026-04-22,BUR,MCI,0,1,37,4.4959,1.1149,60-75_to_75-90plus,2,0.3809,1.2482,0.0988,1.3026,0.3809,1.2482,-0.8673,0.3808,0.3018,0.0789,0.0,0.1221,-0.1221,0.0868,0.432,-0.3452,0.0265,0.1154,-0.0889,0.0988,1.3026,-1.2038
29112,2526,PL,2026-04-25,FLH,AVL,1,0,23,2.2282,0.5842,15-30_to_30-45,0,0.1673,0.0855,0.1967,0.4405,0.1673,0.0855,0.0818,0.0495,0.034,0.0155,0.7353,0.1356,0.5997,0.1164,0.0746,0.0418,0.0568,0.136,-0.0792,0.1967,0.4405,-0.2438
29113,2526,PL,2026-04-25,LIV,CRY,3,1,23,3.6819,0.7959,30-45_to_45-60,5,0.1029,0.4694,0.3012,0.3856,0.1029,0.4694,-0.3666,0.0,0.0868,-0.0868,1.0362,0.5415,0.4947,0.0,0.3012,-0.3012,0.0186,0.4385,-0.4199,0.3012,0.3856,-0.0844
29114,2526,PL,2026-04-27,MUN,BRE,2,1,23,3.1524,1.3139,0-15_to_15-30,0,0.8797,0.0,0.0151,0.1028,0.8797,0.0,0.8797,0.053,0.4873,-0.4342,0.7725,0.0922,0.6802,0.1282,0.1336,-0.0054,0.0,0.4879,-0.4879,0.0151,0.1028,-0.0877
29115,2526,PL,2026-04-24,SUN,NOT,0,5,25,2.1767,0.9548,15-30_to_30-45,6,0.084,0.1114,0.2492,0.4416,0.084,0.1114,-0.0274,0.1394,0.0861,0.0533,0.021,0.9225,-0.9014,0.0421,0.0,0.0421,0.0794,0.0,0.0794,0.2492,0.4416,-0.1924
29116,2526,PL,2026-04-25,WHU,EVE,2,1,21,3.0235,1.0426,30-45_to_45-60,3,0.2268,0.1823,0.5818,0.822,0.2268,0.1823,0.0445,0.1319,0.0,0.1319,0.0,0.1475,-0.1475,0.8951,0.0,0.8951,0.0,0.0361,-0.0361,0.5818,0.822,-0.2402
29117,2526,PL,2026-04-25,WOL,TOT,0,1,22,1.8921,0.5298,60-75_to_75-90plus,6,0.0,0.0677,0.3938,0.7307,0.0,0.0677,-0.0677,0.0743,0.0935,-0.0192,0.0,0.0187,-0.0187,0.0356,0.1527,-0.1171,0.259,0.0661,0.1929,0.3938,0.7307,-0.3369
29118,2526,PL,2026-05-03,BOU,CRY,3,0,24,2.9764,0.7912,30-45_to_45-60,0,0.3647,0.0,0.652,0.4203,0.3647,0.0,0.3647,0.2261,0.0,0.2261,0.8406,0.0,0.8406,0.2146,0.1651,0.0495,0.0,0.0929,-0.0929,0.652,0.4203,0.2317
29119,2526,PL,2026-05-02,ARS,FLH,3,0,28,4.8316,0.7167,15-30_to_30-45,0,0.9023,0.0,0.5484,0.0892,0.9023,0.0,0.9023,1.2569,0.0,1.2569,0.5816,0.0414,0.5403,0.8445,0.412,0.4325,0.0,0.1554,-0.1554,0.5484,0.0892,0.4592
29120,2526,PL,2026-05-03,AVL,TOT,1,2,15,1.7317,0.7897,15-30_to_30-45,0,0.0,0.1274,0.5727,0.0169,0.0,0.1274,-0.1274,0.0,0.8734,-0.8734,0.0,0.0836,-0.0836,0.0,0.0209,-0.0209,0.0368,0.0,0.0368,0.5727,0.0169,0.5558
29121,2526,PL,2026-05-02,BRE,WHU,3,0,28,3.03,0.6721,0-15_to_15-30,2,0.0139,0.0927,0.1688,0.093,0.0139,0.0927,-0.0789,0.7514,0.1582,0.5932,0.526,0.1264,0.3997,0.7808,0.2836,0.4972,0.0353,0.0,0.0353,0.1688,0.093,0.0758
29122,2526,PL,2026-05-04,CHE,NOT,1,3,27,4.4815,1.1532,0-15_to_15-30,0,0.0602,1.1126,0.8973,0.0,0.0602,1.1126,-1.0523,0.1009,0.0,0.1009,0.2012,0.163,0.0382,0.7968,1.0346,-0.2378,0.115,0.0,0.115,0.8973,0.0,0.8973
29123,2526,PL,2026-05-04,EVE,MCI,3,3,34,3.1578,0.7299,45-60_to_60-75,1,0.0,0.0274,0.6705,0.5107,0.0,0.0274,-0.0274,0.0436,0.5218,-0.4782,0.0774,0.2147,-0.1373,0.1809,0.1619,0.0191,0.749,0.0,0.749,0.6705,0.5107,0.1598
29124,2526,PL,2026-05-01,LED,BUR,3,1,27,2.5606,1.3387,30-45_to_45-60,0,0.171,0.0,0.1671,0.1796,0.171,0.0,0.171,0.1889,0.0,0.1889,0.0438,0.0474,-0.0037,1.3508,0.0158,1.335,0.2035,0.1927,0.0108,0.1671,0.1796,-0.0125
29125,2526,PL,2026-05-03,MUN,LIV,3,2,31,3.5858,1.5014,0-15_to_15-30,0,1.5076,0.0,0.2375,0.104,1.5076,0.0,1.5076,0.122,0.1158,0.0062,0.0355,0.0792,-0.0437,0.4057,0.5379,-0.1322,0.2494,0.1913,0.0581,0.2375,0.104,0.1334
29126,2526,PL,2026-05-02,NEW,BRI,3,1,26,5.0071,1.1324,30-45_to_45-60,1,0.4317,0.3299,1.1534,0.6902,0.4317,0.3299,0.1018,0.2223,0.0,0.2223,1.12,0.1679,0.9521,0.2019,0.3823,-0.1804,0.0,0.3076,-0.3076,1.1534,0.6902,0.4632
29127,2526,PL,2026-05-02,WOL,SUN,1,1,30,2.8853,1.2829,15-30_to_30-45,1,0.0,0.0,0.5867,0.1606,0.0,0.0,0.0,0.0367,0.5986,-0.5619,0.7209,0.0,0.7209,0.5724,0.0,0.5724,0.0446,0.1647,-0.1202,0.5867,0.1606,0.4262
29128,2526,PL,2026-05-09,BRI,WOL,3,0,18,2.7399,1.176,0-15_to_15-30,0,1.2545,0.0,0.5279,0.2782,1.2545,0.0,1.2545,0.0786,0.0,0.0786,0.0914,0.0,0.0914,0.2426,0.164,0.0786,0.0292,0.0734,-0.0442,0.5279,0.2782,0.2497
29129,2526,PL,2026-05-10,BUR,AVL,2,2,33,3.4757,1.1122,30-45_to_45-60,6,0.5034,0.1888,0.1118,0.3348,0.5034,0.1888,0.3147,0.2989,0.0594,0.2395,0.0318,0.7637,-0.7319,0.7071,0.3268,0.3803,0.0677,0.0814,-0.0137,0.1118,0.3348,-0.2231
29130,2526,PL,2026-05-10,CRY,EVE,2,2,34,5.3992,1.1132,45-60_to_60-75,1,0.1824,0.3473,1.6312,0.4039,0.1824,0.3473,-0.1649,0.1292,0.4945,-0.3654,0.2026,0.2209,-0.0183,0.2317,0.5352,-0.3035,0.9151,0.1053,0.8098,1.6312,0.4039,1.2273
29131,2526,PL,2026-05-09,FLH,BOU,0,1,24,2.2413,0.7482,60-75_to_75-90plus,2,0.1507,0.0969,0.1389,0.6547,0.1507,0.0969,0.0539,0.4788,0.0,0.4788,0.1838,0.0,0.1838,0.0588,0.2465,-0.1877,0.2324,0.0,0.2324,0.1389,0.6547,-0.5158
29132,2526,PL,2026-05-09,LIV,CHE,1,1,14,1.2204,0.6147,30-45_to_45-60,3,0.3826,0.0402,0.0136,0.1127,0.3826,0.0402,0.3424,0.0,0.037,-0.037,0.0,0.4073,-0.4073,0.2074,0.0,0.2074,0.0196,0.0,0.0196,0.0136,0.1127,-0.0991
29133,2526,PL,2026-05-09,MCI,BRE,3,0,29,5.1121,2.3195,60-75_to_75-90plus,0,0.0479,0.0,0.2724,0.565,0.0479,0.0,0.0479,1.6711,0.0192,1.6519,0.2897,0.0,0.2897,0.1342,0.0858,0.0484,2.0269,0.0,2.0269,0.2724,0.565,-0.2927
29134,2526,PL,2026-05-10,NOT,NEW,1,1,33,3.1166,1.5226,60-75_to_75-90plus,6,0.0,0.0995,0.6449,0.0126,0.0,0.0995,-0.0995,0.1389,0.0699,0.069,0.3825,0.4156,-0.0331,0.2067,0.073,0.1337,0.0913,0.9817,-0.8903,0.6449,0.0126,0.6322
29135,2526,PL,2026-05-09,SUN,MUN,0,0,26,1.7834,0.4109,0-15_to_15-30,0,0.6317,0.0404,0.0345,0.1894,0.6317,0.0404,0.5913,0.2519,0.0714,0.1805,0.1657,0.0,0.1657,0.0,0.2386,-0.2386,0.1597,0.0,0.1597,0.0345,0.1894,-0.1549
29136,2526,PL,2026-05-11,TOT,LED,1,1,27,3.3683,1.3756,45-60_to_60-75,2,0.0,0.0411,0.2264,0.6577,0.0,0.0411,-0.0411,0.1875,0.2297,-0.0421,0.5929,0.0574,0.5354,0.4918,0.0,0.4918,0.0,0.8839,-0.8839,0.2264,0.6577,-0.4313
29137,2526,PL,2026-05-10,WHU,ARS,0,1,24,2.8413,0.9071,0-15_to_15-30,0,0.0,1.0402,0.6967,0.1071,0.0,1.0402,-1.0402,0.0,0.1332,-0.1332,0.4414,0.0405,0.4008,0.149,0.0423,0.1067,0.0359,0.1551,-0.1192,0.6967,0.1071,0.5895
29138,2526,PL,2026-05-19,BOU,MCI,1,1,24,3.0077,0.4811,0-15_to_15-30,3,0.477,0.12,0.6639,0.4014,0.477,0.12,0.357,0.0,0.1241,-0.1241,0.0636,0.0215,0.0421,0.273,0.5286,-0.2556,0.2531,0.0814,0.1718,0.6639,0.4014,0.2625
29139,2526,PL,2026-05-18,ARS,BUR,1,0,18,1.4218,0.7096,15-30_to_30-45,1,0.1621,0.0864,0.0543,0.0,0.1621,0.0864,0.0758,0.0595,0.0709,-0.0114,0.6983,0.0,0.6983,0.2528,0.0377,0.2151,0.0,0.0,0.0,0.0543,0.0,0.0543
29140,2526,PL,2026-05-15,AVL,LIV,4,2,30,4.5018,2.0891,60-75_to_75-90plus,2,0.203,0.0,0.1173,0.5221,0.203,0.0,0.203,0.0,0.0494,-0.0494,0.0355,0.2139,-0.1783,0.854,0.7311,0.1229,1.7299,0.0456,1.6843,0.1173,0.5221,-0.4048
29141,2526,PL,2026-05-17,BRE,CRY,2,2,30,3.3944,1.1084,60-75_to_75-90plus,1,0.1444,0.8856,1.1326,0.0394,0.1444,0.8856,-0.7412,0.0852,0.4005,-0.3152,0.0549,0.4578,-0.4028,0.1381,0.0407,0.0974,0.0,0.0152,-0.0152,1.1326,0.0394,1.0932
29142,2526,PL,2026-05-19,CHE,TOT,2,1,18,3.3316,0.3362,0-15_to_15-30,2,0.0395,0.2486,0.0915,0.546,0.0395,0.2486,-0.209,0.1271,0.0,0.1271,0.0,0.0288,-0.0288,0.1089,0.329,-0.2201,0.7256,1.0866,-0.361,0.0915,0.546,-0.4545
29143,2526,PL,2026-05-17,EVE,SUN,1,3,17,2.6056,0.9861,30-45_to_45-60,4,0.014,0.0159,0.59,0.7995,0.014,0.0159,-0.0019,0.0,0.0748,-0.0748,0.5924,0.0,0.5924,0.0,0.3937,-0.3937,0.1254,0.0,0.1254,0.59,0.7995,-0.2095
29144,2526,PL,2026-05-17,LED,BRI,1,0,26,2.9801,0.6612,15-30_to_30-45,2,0.0398,0.1352,0.5862,0.4244,0.0398,0.1352,-0.0954,0.0166,0.0217,-0.005,0.0,0.6662,-0.6662,0.0333,0.4577,-0.4243,0.0719,0.5273,-0.4554,0.5862,0.4244,0.1617
29145,2526,PL,2026-05-17,MUN,NOT,3,2,40,6.1859,0.8802,60-75_to_75-90plus,0,0.1304,0.0,1.2783,0.273,0.1304,0.0,0.1304,0.9856,0.347,0.6386,0.1921,0.2125,-0.0204,1.1019,0.4836,0.6183,0.6533,0.5281,0.1252,1.2783,0.273,1.0054
29146,2526,PL,2026-05-17,NEW,WHU,3,1,30,3.0985,0.696,0-15_to_15-30,0,0.6471,0.0,0.3079,0.2629,0.6471,0.0,0.6471,0.3285,0.3774,-0.0489,0.0418,0.0994,-0.0576,0.1966,0.0589,0.1377,0.612,0.1659,0.4461,0.3079,0.2629,0.0449
29147,2526,PL,2026-05-17,WOL,FLH,1,1,24,2.9814,0.582,45-60_to_60-75,3,0.0,0.1114,0.3944,0.1548,0.0,0.1114,-0.1114,0.2428,0.2015,0.0413,0.0249,0.2068,-0.1819,0.4994,0.7776,-0.2782,0.3358,0.0321,0.3037,0.3944,0.1548,0.2396
29148,2526,PL,2026-05-24,BRI,MUN,0,3,24,3.0311,1.2777,15-30_to_30-45,1,0.0603,0.0,0.3488,0.0441,0.0603,0.0,0.0603,0.0234,0.0,0.0234,0.091,1.3453,-1.2543,0.0873,0.9393,-0.852,0.0917,0.0,0.0917,0.3488,0.0441,0.3046
29149,2526,PL,2026-05-24,BUR,WOL,1,1,32,4.1434,0.9409,0-15_to_15-30,0,0.0106,0.8956,0.7829,1.0079,0.0106,0.8956,-0.885,0.0781,0.0223,0.0558,0.0731,0.789,-0.7159,0.1211,0.1315,-0.0104,0.2189,0.0123,0.2065,0.7829,1.0079,-0.225
29150,2526,PL,2026-05-24,CRY,ARS,1,2,25,4.978,0.9575,0-15_to_15-30,0,0.2051,1.4287,0.6378,1.4076,0.2051,1.4287,-1.2236,0.0,0.2661,-0.2661,0.0,0.1989,-0.1989,0.1436,0.0562,0.0873,0.0184,0.6154,-0.597,0.6378,1.4076,-0.7698
29151,2526,PL,2026-05-24,FLH,NEW,2,0,28,1.9905,0.7407,15-30_to_30-45,0,0.1378,0.0,0.3781,0.1224,0.1378,0.0,0.1378,0.7979,0.0,0.7979,0.1307,0.0735,0.0572,0.0726,0.0,0.0726,0.2311,0.0464,0.1847,0.3781,0.1224,0.2557
29152,2526,PL,2026-05-24,LIV,BRE,1,1,35,4.4696,1.3012,45-60_to_60-75,0,0.0865,0.066,1.1126,0.3566,0.0865,0.066,0.0205,0.411,0.0,0.411,0.4982,0.5623,-0.0642,0.8916,0.0377,0.854,0.0,0.4472,-0.4472,1.1126,0.3566,0.756
29153,2526,PL,2026-05-24,MCI,AVL,1,2,28,3.8221,1.1878,30-45_to_45-60,1,0.2655,0.0,0.1247,0.8722,0.2655,0.0,0.2655,0.592,0.0,0.592,0.3713,0.0,0.3713,0.0,0.8165,-0.8165,0.0274,0.7525,-0.7251,0.1247,0.8722,-0.7475
29154,2526,PL,2026-05-24,NOT,BOU,1,1,32,3.4221,1.4783,30-45_to_45-60,4,0.0685,0.1723,0.8708,0.1584,0.0685,0.1723,-0.1038,0.1768,0.2145,-0.0377,0.7622,0.0,0.7622,0.0151,0.7312,-0.7161,0.1908,0.0614,0.1294,0.8708,0.1584,0.7124
29155,2526,PL,2026-05-24,SUN,CHE,2,1,30,3.2607,1.7827,30-45_to_45-60,3,0.0561,0.3846,0.1441,0.0665,0.0561,0.3846,-0.3285,0.2541,0.0,0.2541,0.1543,0.4551,-0.3009,1.5006,0.0188,1.4819,0.2265,0.0,0.2265,0.1441,0.0665,0.0776
29156,2526,PL,2026-05-24,TOT,EVE,1,0,29,1.9407,0.9666,15-30_to_30-45,0,0.3229,0.0,0.0,0.1221,0.3229,0.0,0.3229,0.0214,0.0191,0.0022,1.0961,0.1272,0.9689,0.2163,0.0,0.2163,0.0155,0.0,0.0155,0.0,0.1221,-0.1221
29157,2526,PL,2026-05-24,WHU,LED,3,0,29,4.722,1.8415,30-45_to_45-60,1,0.0,0.6949,0.7623,0.2186,0.0,0.6949,-0.6949,0.1239,0.0221,0.1018,0.0282,0.8028,-0.7746,1.3138,0.2468,1.067,0.5087,0.0,0.5087,0.7623,0.2186,0.5438
31180,2627,PL,2026-08-21,ARS,COV,3,0,24,2.4126,0.5233,60-75_to_75-90plus,0,0.3355,0.0128,0.2105,0.5053,0.3355,0.0128,0.3228,0.6287,0.0,0.6287,0.2127,0.0324,0.1804,0.2304,0.0,0.2304,0.2364,0.0079,0.2285,0.2105,0.5053,-0.2948
31181,2627,PL,2026-08-22,HUL,MUN,2,0,29,3.5648,0.6545,0-15_to_15-30,1,0.0263,0.0806,0.0,0.675,0.0263,0.0806,-0.0543,1.1337,0.5335,0.6002,0.5256,0.1711,0.3545,0.0,0.162,-0.162,0.1005,0.1566,-0.0561,0.0,0.675,-0.675
31182,2627,PL,2026-08-22,EVE,CRY,2,0,27,3.6818,0.8315,30-45_to_45-60,0,0.0855,0.8905,0.1247,0.1917,0.0855,0.8905,-0.805,0.0281,0.3072,-0.2791,0.2412,0.5249,-0.2837,0.805,0.2572,0.5478,0.1664,0.0595,0.1069,0.1247,0.1917,-0.067
31183,2627,PL,2026-08-22,IPS,SUN,2,1,21,2.7619,0.7426,0-15_to_15-30,3,0.0323,0.5177,0.0951,0.0259,0.0323,0.5177,-0.4855,0.6041,0.347,0.2571,0.1085,0.1149,-0.0065,0.6891,0.1719,0.5172,0.0555,0.0,0.0555,0.0951,0.0259,0.0692
31184,2627,PL,2026-08-22,NOT,LED,0,1,23,1.1229,0.233,60-75_to_75-90plus,5,0.0,0.0121,0.0736,0.1371,0.0,0.0121,-0.0121,0.0737,0.0714,0.0023,0.1437,0.0,0.1437,0.1359,0.1856,-0.0496,0.2297,0.0602,0.1696,0.0736,0.1371,-0.0635
31185,2627,PL,2026-08-22,BRE,TOT,3,0,35,4.8449,1.614,45-60_to_60-75,0,1.1213,0.056,0.5855,0.0639,1.1213,0.056,1.0653,0.0755,0.0,0.0755,0.5765,0.017,0.5595,1.7064,0.3442,1.3622,0.0234,0.2752,-0.2518,0.5855,0.0639,0.5216
31186,2627,PL,2026-08-23,BRI,AVL,4,0,28,4.2785,1.5009,0-15_to_15-30,1,0.3026,0.1175,0.3663,0.0,0.3026,0.1175,0.1851,1.7206,0.0346,1.686,0.8848,0.0,0.8848,0.6317,0.0254,0.6063,0.0973,0.0977,-0.0004,0.3663,0.0,0.3663
31187,2627,PL,2026-08-23,MCI,BOU,2,1,18,3.182,0.9417,0-15_to_15-30,0,0.568,0.0671,0.523,0.0825,0.568,0.0671,0.5009,0.0,0.4408,-0.4408,0.1862,0.1172,0.069,0.5327,0.0,0.5327,0.6646,0.0,0.6646,0.523,0.0825,0.4405
31188,2627,PL,2026-08-23,NEW,LIV,2,2,40,4.7765,2.0714,45-60_to_60-75,6,0.2707,0.2062,0.3611,1.0128,0.2707,0.2062,0.0645,0.058,0.1485,-0.0906,0.0838,0.0152,0.0685,0.1221,1.6005,-1.4784,0.7452,0.1522,0.593,0.3611,1.0128,-0.6518
31189,2627,PL,2026-08-24,FLH,CHE,2,3,32,4.0721,1.4665,30-45_to_45-60,0,0.0,0.6137,0.2802,0.0553,0.0,0.6137,-0.6137,0.4092,0.2104,0.1987,0.0179,1.2339,-1.216,0.708,0.4575,0.2505,0.0477,0.0383,0.0095,0.2802,0.0553,0.2248
31190,2627,PL,2026-08-28,CRY,MCI,1,4,28,3.4953,1.2966,15-30_to_30-45,1,0.1201,0.3201,0.0,0.3057,0.1201,0.3201,-0.2,0.0,1.0937,-1.0937,0.3063,0.1034,0.203,0.5002,0.7459,-0.2457,0.0,0.0,0.0,0.0,0.3057,-0.3057
31191,2627,PL,2026-08-29,LIV,NOT,2,2,25,4.1586,1.4151,45-60_to_60-75,0,0.0,0.8411,0.2281,0.0718,0.0,0.8411,-0.8411,0.0592,0.6524,-0.5932,0.1422,0.0,0.1422,0.7918,0.3164,0.4754,0.0579,0.9976,-0.9397,0.2281,0.0718,0.1563
31192,2627,PL,2026-08-29,COV,HUL,0,1,17,1.6421,0.7806,30-45_to_45-60,0,0.1654,0.0,0.0954,0.3368,0.1654,0.0,0.1654,0.099,0.0186,0.0803,0.7697,0.0,0.7697,0.0,0.011,-0.011,0.0528,0.0933,-0.0405,0.0954,0.3368,-0.2414
31193,2627,PL,2026-08-29,BOU,EVE,1,1,30,3.9679,1.0365,60-75_to_75-90plus,4,0.3297,0.2803,1.4153,0.1908,0.3297,0.2803,0.0494,0.0533,0.6858,-0.6325,0.2173,0.0,0.2173,0.0909,0.5165,-0.4256,0.188,0.0,0.188,1.4153,0.1908,1.2245
31194,2627,PL,2026-08-29,TOT,NEW,0,2,28,2.1474,0.7649,60-75_to_75-90plus,5,0.0478,0.1186,0.2622,0.0,0.0478,0.1186,-0.0708,0.2134,0.0403,0.1731,0.4303,0.1716,0.2587,0.0597,0.0711,-0.0113,0.1149,0.6176,-0.5027,0.2622,0.0,0.2622
31195,2627,PL,2026-08-30,SUN,FLH,1,0,23,2.59,1.2692,45-60_to_60-75,2,0.0489,0.0127,0.3453,0.3486,0.0489,0.0127,0.0361,0.0136,0.2937,-0.2801,0.0315,0.0,0.0315,0.0938,0.3532,-0.2594,1.0293,0.0195,1.0098,0.3453,0.3486,-0.0033
31196,2627,PL,2026-08-30,CHE,BRI,4,3,33,5.7968,1.1942,0-15_to_15-30,0,1.3755,0.0,0.0745,0.0816,1.3755,0.0,1.3755,0.5374,0.3561,0.1813,0.7567,1.0733,-0.3166,1.0073,0.2659,0.7415,0.1653,0.1032,0.062,0.0745,0.0816,-0.0071
31197,2627,PL,2026-08-30,LED,BRE,1,1,34,2.9204,0.2355,0-15_to_15-30,2,0.043,0.3273,0.9281,0.8434,0.043,0.3273,-0.2844,0.0134,0.0623,-0.0489,0.0,0.2502,-0.2502,0.0351,0.1168,-0.0817,0.1608,0.1399,0.0209,0.9281,0.8434,0.0846
31198,2627,PL,2026-08-30,MUN,IPS,5,2,43,6.8809,1.3499,60-75_to_75-90plus,2,0.2349,0.5151,0.8827,0.4429,0.2349,0.5151,-0.2803,0.1678,0.4381,-0.2703,0.5901,0.388,0.202,1.4104,0.0213,1.3891,1.7897,0.0,1.7897,0.8827,0.4429,0.4398
31199,2627,PL,2026-08-31,AVL,ARS,0,1,14,1.8063,1.1048,45-60_to_60-75,1,0.0481,0.4119,0.0,0.0,0.0481,0.4119,-0.3638,0.042,0.0487,-0.0067,0.0,0.0,0.0,0.0403,1.0287,-0.9884,0.1515,0.0351,0.1164,0.0,0.0,0.0
31200,2627,PL,2026-09-04,IPS,LIV,0,2,24,1.3421,0.2964,0-15_to_15-30,0,0.0728,0.2479,0.1207,0.1188,0.0728,0.2479,-0.175,0.2537,0.1324,0.1213,0.0738,0.091,-0.0171,0.0769,0.1541,-0.0772,0.0,0.0,0.0,0.1207,0.1188,0.0019
31201,2627,PL,2026-09-05,NEW,BOU,2,2,26,2.4554,0.801,0-15_to_15-30,2,0.1145,1.146,0.1718,0.0804,0.1145,1.146,-1.0315,0.0,0.2305,-0.2305,0.0398,0.0929,-0.0531,0.4495,0.1155,0.334,0.0,0.0144,-0.0144,0.1718,0.0804,0.0913
31202,2627,PL,2026-09-05,MCI,COV,1,0,27,3.6962,0.5242,30-45_to_45-60,1,0.0,0.3619,0.6843,0.5349,0.0,0.3619,-0.3619,0.6107,0.4551,0.1555,0.6532,0.0,0.6532,0.1291,0.0,0.1291,0.1245,0.1425,-0.018,0.6843,0.5349,0.1494
31203,2627,PL,2026-09-05,NOT,TOT,0,0,24,2.3162,1.1277,45-60_to_60-75,2,0.1103,0.0425,0.1527,0.1379,0.1103,0.0425,0.0678,0.1264,0.3738,-0.2474,0.1526,0.0,0.1526,0.0,0.8841,-0.8841,0.2897,0.0461,0.2436,0.1527,0.1379,0.0148
31204,2627,PL,2026-09-05,FLH,CRY,2,3,35,5.4305,1.0305,30-45_to_45-60,2,0.1575,0.0,0.363,0.7407,0.1575,0.0,0.1575,0.3405,0.5863,-0.2458,1.1678,0.3963,0.7715,0.5481,0.8072,-0.2591,0.3231,0.0,0.3231,0.363,0.7407,-0.3778
31205,2627,PL,2026-09-05,BRE,SUN,1,1,26,3.7407,1.1598,45-60_to_60-75,4,0.3762,0.1162,0.2651,0.9688,0.3762,0.1162,0.26,0.0,0.4743,-0.4743,0.0,0.0,0.0,0.8897,0.1353,0.7544,0.0548,0.4602,-0.4054,0.2651,0.9688,-0.7037
31206,2627,PL,2026-09-05,BRI,LED,1,1,30,5.3069,1.3543,0-15_to_15-30,0,0.0,1.7941,1.4104,0.1622,0.0,1.7941,-1.7941,0.0596,0.4994,-0.4398,0.0,0.0,0.0,0.1622,0.4998,-0.3376,0.6356,0.0835,0.5521,1.4104,0.1622,1.2482
31207,2627,PL,2026-09-05,HUL,AVL,0,0,24,2.4605,0.8689,45-60_to_60-75,0,0.0098,0.4676,0.6015,0.159,0.0098,0.4676,-0.4578,0.0137,0.0882,-0.0745,0.0513,0.0552,-0.0039,0.0727,0.8781,-0.8054,0.0634,0.0,0.0634,0.6015,0.159,0.4426
31208,2627,PL,2026-09-06,EVE,MUN,2,2,32,1.9285,0.5317,15-30_to_30-45,1,0.0165,0.0689,0.1738,0.4317,0.0165,0.0689,-0.0524,0.0,0.1558,-0.1558,0.3759,0.0,0.3759,0.3315,0.0636,0.268,0.1586,0.1523,0.0063,0.1738,0.4317,-0.2579
31209,2627,PL,2026-09-06,ARS,CHE,2,1,29,3.2999,0.627,30-45_to_45-60,1,1.1987,0.0367,0.0,0.1126,1.1987,0.0367,1.162,0.6496,0.0389,0.6107,0.0632,0.0756,-0.0124,0.7124,0.0978,0.6145,0.2456,0.0689,0.1766,0.0,0.1126,-0.1126
